test_position,source_row_index,true_crop,agreement_count,consensus_crop,models_agreeing_with_random_forest,rf_top_probability,rf_top_1_minus_top_2_margin,logistic_regression_prediction,decision_tree_prediction,knn_prediction,svm_prediction,gaussian_nb_prediction,random_forest_prediction
0,1609,orange,6,orange,6,0.970000000000,0.940000000000,orange,orange,orange,orange,orange,orange
1,1072,banana,6,banana,6,0.930000000000,0.890000000000,banana,banana,banana,banana,banana,banana
2,1912,cotton,6,cotton,6,1.000000000000,1.000000000000,cotton,cotton,cotton,cotton,cotton,cotton
3,100,maize,6,maize,6,0.990000000000,0.980000000000,maize,maize,maize,maize,maize,maize
4,1645,orange,5,orange,5,0.990000000000,0.980000000000,orange,orange,pomegranate,orange,orange,orange
5,221,chickpea,6,chickpea,6,1.000000000000,1.000000000000,chickpea,chickpea,chickpea,chickpea,chickpea,chickpea
6,28,rice,6,rice,6,0.990000000000,0.980000000000,rice,rice,rice,rice,rice,rice
7,701,blackgram,6,blackgram,6,0.970000000000,0.940000000000,blackgram,blackgram,blackgram,blackgram,blackgram,blackgram
8,1097,banana,6,banana,6,1.000000000000,1.000000000000,banana,banana,banana,banana,banana,banana
9,1638,orange,6,orange,6,1.000000000000,1.000000000000,orange,orange,orange,orange,orange,orange
10,1391,watermelon,6,watermelon,6,1.000000000000,1.000000000000,watermelon,watermelon,watermelon,watermelon,watermelon,watermelon
11,901,pomegranate,6,pomegranate,6,1.000000000000,1.000000000000,pomegranate,pomegranate,pomegranate,pomegranate,pomegranate,pomegranate
12,1386,watermelon,6,watermelon,6,1.000000000000,1.000000000000,watermelon,watermelon,watermelon,watermelon,watermelon,watermelon
13,171,maize,6,maize,6,1.000000000000,1.000000000000,maize,maize,maize,maize,maize,maize
14,544,mothbeans,6,mothbeans,6,0.810000000000,0.740000000000,mothbeans,mothbeans,mothbeans,mothbeans,mothbeans,mothbeans
15,1264,grapes,6,grapes,6,1.000000000000,1.000000000000,grapes,grapes,grapes,grapes,grapes,grapes
16,1220,grapes,6,grapes,6,1.000000000000,1.000000000000,grapes,grapes,grapes,grapes,grapes,grapes
17,1154,mango,6,mango,6,1.000000000000,1.000000000000,mango,mango,mango,mango,mango,mango
18,1131,mango,6,mango,6,0.980000000000,0.970000000000,mango,mango,mango,mango,mango,mango
19,1514,apple,6,apple,6,1.000000000000,1.000000000000,apple,apple,apple,apple,apple,apple
20,795,blackgram,6,blackgram,6,0.990000000000,0.980000000000,blackgram,blackgram,blackgram,blackgram,blackgram,blackgram
21,1502,apple,6,apple,6,1.000000000000,1.000000000000,apple,apple,apple,apple,apple,apple
22,585,mothbeans,6,mothbeans,6,0.790000000000,0.610000000000,mothbeans,mothbeans,mothbeans,mothbeans,mothbeans,mothbeans
23,387,kidneybeans,6,kidneybeans,6,0.990000000000,0.980000000000,kidneybeans,kidneybeans,kidneybeans,kidneybeans,kidneybeans,kidneybeans
24,1591,apple,6,apple,6,0.980000000000,0.960000000000,apple,apple,apple,apple,apple,apple
25,2003,jute,6,jute,6,0.980000000000,0.970000000000,jute,jute,jute,jute,jute,jute
26,505,mothbeans,3,mango,3,0.890000000000,0.840000000000,mango,mothbeans,mango,mango,mothbeans,mothbeans
27,1342,watermelon,6,watermelon,6,1.000000000000,1.000000000000,watermelon,watermelon,watermelon,watermelon,watermelon,watermelon
28,0,rice,6,rice,6,0.900000000000,0.800000000000,rice,rice,rice,rice,rice,rice
29,2106,coffee,6,coffee,6,1.000000000000,1.000000000000,coffee,coffee,coffee,coffee,coffee,coffee
30,1102,mango,6,mango,6,0.920000000000,0.900000000000,mango,mango,mango,mango,mango,mango
31,2086,jute,6,jute,6,0.930000000000,0.870000000000,jute,jute,jute,jute,jute,jute
32,1036,banana,6,banana,6,1.000000000000,1.000000000000,banana,banana,banana,banana,banana,banana
33,2167,coffee,6,coffee,6,1.000000000000,1.000000000000,coffee,coffee,coffee,coffee,coffee,coffee
34,2050,jute,6,jute,6,0.990000000000,0.980000000000,jute,jute,jute,jute,jute,jute
35,737,blackgram,6,blackgram,6,0.910000000000,0.830000000000,blackgram,blackgram,blackgram,blackgram,blackgram,blackgram
36,1298,grapes,6,grapes,6,1.000000000000,1.000000000000,grapes,grapes,grapes,grapes,grapes,grapes
37,1200,grapes,6,grapes,6,1.000000000000,1.000000000000,grapes,grapes,grapes,grapes,grapes,grapes
38,731,blackgram,6,blackgram,6,0.990000000000,0.980000000000,blackgram,blackgram,blackgram,blackgram,blackgram,blackgram
39,2042,jute,6,jute,6,0.930000000000,0.890000000000,jute,jute,jute,jute,jute,jute
40,1829,coconut,6,coconut,6,1.000000000000,1.000000000000,coconut,coconut,coconut,coconut,coconut,coconut
41,1716,papaya,6,papaya,6,0.990000000000,0.980000000000,papaya,papaya,papaya,papaya,papaya,papaya
42,1156,mango,6,mango,6,1.000000000000,1.000000000000,mango,mango,mango,mango,mango,mango
43,185,maize,6,maize,6,0.970000000000,0.950000000000,maize,maize,maize,maize,maize,maize
44,861,lentil,6,lentil,6,0.980000000000,0.960000000000,lentil,lentil,lentil,lentil,lentil,lentil
45,2022,jute,6,jute,6,0.940000000000,0.890000000000,jute,jute,jute,jute,jute,jute
46,1973,cotton,6,cotton,6,0.960000000000,0.940000000000,cotton,cotton,cotton,cotton,cotton,cotton
47,850,lentil,6,lentil,6,0.900000000000,0.840000000000,lentil,lentil,lentil,lentil,lentil,lentil
48,203,chickpea,6,chickpea,6,1.000000000000,1.000000000000,chickpea,chickpea,chickpea,chickpea,chickpea,chickpea
49,696,mungbean,6,mungbean,6,1.000000000000,1.000000000000,mungbean,mungbean,mungbean,mungbean,mungbean,mungbean
50,1737,papaya,6,papaya,6,0.930000000000,0.860000000000,papaya,papaya,papaya,papaya,papaya,papaya
51,961,pomegranate,6,pomegranate,6,0.990000000000,0.980000000000,pomegranate,pomegranate,pomegranate,pomegranate,pomegranate,pomegranate
52,405,pigeonpeas,6,pigeonpeas,6,0.920000000000,0.850000000000,pigeonpeas,pigeonpeas,pigeonpeas,pigeonpeas,pigeonpeas,pigeonpeas
53,1392,watermelon,6,watermelon,6,1.000000000000,1.000000000000,watermelon,watermelon,watermelon,watermelon,watermelon,watermelon
54,1158,mango,6,mango,6,0.980000000000,0.970000000000,mango,mango,mango,mango,mango,mango
55,768,blackgram,5,blackgram,5,0.680000000000,0.440000000000,blackgram,lentil,blackgram,blackgram,blackgram,blackgram
56,1763,papaya,6,papaya,6,0.990000000000,0.980000000000,papaya,papaya,papaya,papaya,papaya,papaya
57,1798,papaya,6,papaya,6,1.000000000000,1.000000000000,papaya,papaya,papaya,papaya,papaya,papaya
58,2173,coffee,6,coffee,6,0.980000000000,0.960000000000,coffee,coffee,coffee,coffee,coffee,coffee
59,825,lentil,6,lentil,6,0.990000000000,0.980000000000,lentil,lentil,lentil,lentil,lentil,lentil
60,813,lentil,5,lentil,5,0.820000000000,0.710000000000,blackgram,lentil,lentil,lentil,lentil,lentil
61,539,mothbeans,6,mothbeans,6,0.960000000000,0.930000000000,mothbeans,mothbeans,mothbeans,mothbeans,mothbeans,mothbeans
62,2157,coffee,6,coffee,6,1.000000000000,1.000000000000,coffee,coffee,coffee,coffee,coffee,coffee
63,1032,banana,6,banana,6,0.970000000000,0.940000000000,banana,banana,banana,banana,banana,banana
64,1707,papaya,6,papaya,6,0.930000000000,0.900000000000,papaya,papaya,papaya,papaya,papaya,papaya
65,54,rice,6,rice,6,0.980000000000,0.960000000000,rice,rice,rice,rice,rice,rice
66,1630,orange,6,orange,6,0.980000000000,0.970000000000,orange,orange,orange,orange,orange,orange
67,1818,coconut,6,coconut,6,1.000000000000,1.000000000000,coconut,coconut,coconut,coconut,coconut,coconut
68,716,blackgram,6,blackgram,6,0.750000000000,0.610000000000,blackgram,blackgram,blackgram,blackgram,blackgram,blackgram
69,920,pomegranate,6,pomegranate,6,0.970000000000,0.940000000000,pomegranate,pomegranate,pomegranate,pomegranate,pomegranate,pomegranate
70,1033,banana,6,banana,6,1.000000000000,1.000000000000,banana,banana,banana,banana,banana,banana
71,1458,muskmelon,6,muskmelon,6,1.000000000000,1.000000000000,muskmelon,muskmelon,muskmelon,muskmelon,muskmelon,muskmelon
72,1369,watermelon,6,watermelon,6,1.000000000000,1.000000000000,watermelon,watermelon,watermelon,watermelon,watermelon,watermelon
73,859,lentil,6,lentil,6,1.000000000000,1.000000000000,lentil,lentil,lentil,lentil,lentil,lentil
74,1096,banana,6,banana,6,1.000000000000,1.000000000000,banana,banana,banana,banana,banana,banana
75,1854,coconut,6,coconut,6,1.000000000000,1.000000000000,coconut,coconut,coconut,coconut,coconut,coconut
76,575,mothbeans,6,mothbeans,6,0.900000000000,0.820000000000,mothbeans,mothbeans,mothbeans,mothbeans,mothbeans,mothbeans
77,606,mungbean,6,mungbean,6,0.980000000000,0.960000000000,mungbean,mungbean,mungbean,mungbean,mungbean,mungbean
78,614,mungbean,6,mungbean,6,0.970000000000,0.950000000000,mungbean,mungbean,mungbean,mungbean,mungbean,mungbean
79,1171,mango,6,mango,6,0.990000000000,0.980000000000,mango,mango,mango,mango,mango,mango
80,2182,coffee,6,coffee,6,0.990000000000,0.980000000000,coffee,coffee,coffee,coffee,coffee,coffee
81,1399,watermelon,6,watermelon,6,0.960000000000,0.930000000000,watermelon,watermelon,watermelon,watermelon,watermelon,watermelon
82,1473,muskmelon,6,muskmelon,6,1.000000000000,1.000000000000,muskmelon,muskmelon,muskmelon,muskmelon,muskmelon,muskmelon
83,303,kidneybeans,6,kidneybeans,6,0.950000000000,0.910000000000,kidneybeans,kidneybeans,kidneybeans,kidneybeans,kidneybeans,kidneybeans
84,1149,mango,6,mango,6,0.860000000000,0.780000000000,mango,mango,mango,mango,mango,mango
85,937,pomegranate,6,pomegranate,6,0.910000000000,0.870000000000,pomegranate,pomegranate,pomegranate,pomegranate,pomegranate,pomegranate
86,1697,orange,6,orange,6,0.980000000000,0.970000000000,orange,orange,orange,orange,orange,orange
87,1987,cotton,6,cotton,6,1.000000000000,1.000000000000,cotton,cotton,cotton,cotton,cotton,cotton
88,1851,coconut,6,coconut,6,0.990000000000,0.980000000000,coconut,coconut,coconut,coconut,coconut,coconut
89,1771,papaya,6,papaya,6,0.990000000000,0.980000000000,papaya,papaya,papaya,papaya,papaya,papaya
90,561,mothbeans,6,mothbeans,6,0.960000000000,0.940000000000,mothbeans,mothbeans,mothbeans,mothbeans,mothbeans,mothbeans
91,613,mungbean,6,mungbean,6,1.000000000000,1.000000000000,mungbean,mungbean,mungbean,mungbean,mungbean,mungbean
92,599,mothbeans,6,mothbeans,6,0.980000000000,0.970000000000,mothbeans,mothbeans,mothbeans,mothbeans,mothbeans,mothbeans
93,1960,cotton,6,cotton,6,1.000000000000,1.000000000000,cotton,cotton,cotton,cotton,cotton,cotton
94,2079,jute,6,jute,6,0.940000000000,0.880000000000,jute,jute,jute,jute,jute,jute
95,1225,grapes,6,grapes,6,1.000000000000,1.000000000000,grapes,grapes,grapes,grapes,grapes,grapes
96,1988,cotton,6,cotton,6,1.000000000000,1.000000000000,cotton,cotton,cotton,cotton,cotton,cotton
97,227,chickpea,6,chickpea,6,0.940000000000,0.910000000000,chickpea,chickpea,chickpea,chickpea,chickpea,chickpea
98,2026,jute,6,jute,6,0.970000000000,0.950000000000,jute,jute,jute,jute,jute,jute
99,1396,watermelon,6,watermelon,6,1.000000000000,1.000000000000,watermelon,watermelon,watermelon,watermelon,watermelon,watermelon
100,1499,muskmelon,6,muskmelon,6,1.000000000000,1.000000000000,muskmelon,muskmelon,muskmelon,muskmelon,muskmelon,muskmelon
101,989,pomegranate,6,pomegranate,6,0.990000000000,0.980000000000,pomegranate,pomegranate,pomegranate,pomegranate,pomegranate,pomegranate
102,1601,orange,6,orange,6,0.990000000000,0.980000000000,orange,orange,orange,orange,orange,orange
103,497,pigeonpeas,6,pigeonpeas,6,0.980000000000,0.970000000000,pigeonpeas,pigeonpeas,pigeonpeas,pigeonpeas,pigeonpeas,pigeonpeas
104,472,pigeonpeas,6,pigeonpeas,6,0.940000000000,0.900000000000,pigeonpeas,pigeonpeas,pigeonpeas,pigeonpeas,pigeonpeas,pigeonpeas
105,1232,grapes,6,grapes,6,1.000000000000,1.000000000000,grapes,grapes,grapes,grapes,grapes,grapes
106,323,kidneybeans,6,kidneybeans,6,0.990000000000,0.980000000000,kidneybeans,kidneybeans,kidneybeans,kidneybeans,kidneybeans,kidneybeans
107,841,lentil,6,lentil,6,1.000000000000,1.000000000000,lentil,lentil,lentil,lentil,lentil,lentil
108,44,rice,6,rice,6,0.900000000000,0.830000000000,rice,rice,rice,rice,rice,rice
109,84,rice,6,rice,6,1.000000000000,1.000000000000,rice,rice,rice,rice,rice,rice
110,1551,apple,6,apple,6,1.000000000000,1.000000000000,apple,apple,apple,apple,apple,apple
111,647,mungbean,6,mungbean,6,1.000000000000,1.000000000000,mungbean,mungbean,mungbean,mungbean,mungbean,mungbean
112,678,mungbean,6,mungbean,6,1.000000000000,1.000000000000,mungbean,mungbean,mungbean,mungbean,mungbean,mungbean
113,1288,grapes,6,grapes,6,0.960000000000,0.920000000000,grapes,grapes,grapes,grapes,grapes,grapes
114,85,rice,6,rice,6,0.960000000000,0.930000000000,rice,rice,rice,rice,rice,rice
115,1456,muskmelon,6,muskmelon,6,1.000000000000,1.000000000000,muskmelon,muskmelon,muskmelon,muskmelon,muskmelon,muskmelon
116,752,blackgram,6,blackgram,6,0.980000000000,0.970000000000,blackgram,blackgram,blackgram,blackgram,blackgram,blackgram
117,871,lentil,6,lentil,6,0.990000000000,0.980000000000,lentil,lentil,lentil,lentil,lentil,lentil
118,1047,banana,6,banana,6,1.000000000000,1.000000000000,banana,banana,banana,banana,banana,banana
119,1644,orange,6,orange,6,0.990000000000,0.980000000000,orange,orange,orange,orange,orange,orange
120,1612,orange,6,orange,6,1.000000000000,1.000000000000,orange,orange,orange,orange,orange,orange
121,250,chickpea,6,chickpea,6,1.000000000000,1.000000000000,chickpea,chickpea,chickpea,chickpea,chickpea,chickpea
122,199,maize,6,maize,6,0.940000000000,0.920000000000,maize,maize,maize,maize,maize,maize
123,1191,mango,6,mango,6,0.970000000000,0.940000000000,mango,mango,mango,mango,mango,mango
124,110,maize,6,maize,6,0.970000000000,0.960000000000,maize,maize,maize,maize,maize,maize
125,817,lentil,6,lentil,6,0.850000000000,0.770000000000,lentil,lentil,lentil,lentil,lentil,lentil
126,1004,banana,6,banana,6,0.990000000000,0.980000000000,banana,banana,banana,banana,banana,banana
127,907,pomegranate,6,pomegranate,6,0.980000000000,0.960000000000,pomegranate,pomegranate,pomegranate,pomegranate,pomegranate,pomegranate
128,1859,coconut,6,coconut,6,1.000000000000,1.000000000000,coconut,coconut,coconut,coconut,coconut,coconut
129,684,mungbean,6,mungbean,6,0.990000000000,0.980000000000,mungbean,mungbean,mungbean,mungbean,mungbean,mungbean
130,1918,cotton,6,cotton,6,1.000000000000,1.000000000000,cotton,cotton,cotton,cotton,cotton,cotton
131,226,chickpea,6,chickpea,6,0.920000000000,0.840000000000,chickpea,chickpea,chickpea,chickpea,chickpea,chickpea
132,2098,jute,6,jute,6,0.800000000000,0.600000000000,jute,jute,jute,jute,jute,jute
133,616,mungbean,6,mungbean,6,1.000000000000,1.000000000000,mungbean,mungbean,mungbean,mungbean,mungbean,mungbean
134,511,mothbeans,6,mothbeans,6,0.790000000000,0.680000000000,mothbeans,mothbeans,mothbeans,mothbeans,mothbeans,mothbeans
135,130,maize,6,maize,6,0.880000000000,0.780000000000,maize,maize,maize,maize,maize,maize
136,1552,apple,6,apple,6,1.000000000000,1.000000000000,apple,apple,apple,apple,apple,apple
137,263,chickpea,6,chickpea,6,1.000000000000,1.000000000000,chickpea,chickpea,chickpea,chickpea,chickpea,chickpea
138,7,rice,6,rice,6,0.980000000000,0.960000000000,rice,rice,rice,rice,rice,rice
139,139,maize,6,maize,6,0.800000000000,0.650000000000,maize,maize,maize,maize,maize,maize
140,1944,cotton,6,cotton,6,1.000000000000,1.000000000000,cotton,cotton,cotton,cotton,cotton,cotton
141,2090,jute,6,jute,6,0.930000000000,0.890000000000,jute,jute,jute,jute,jute,jute
142,986,pomegranate,6,pomegranate,6,0.940000000000,0.910000000000,pomegranate,pomegranate,pomegranate,pomegranate,pomegranate,pomegranate
143,1109,mango,6,mango,6,1.000000000000,1.000000000000,mango,mango,mango,mango,mango,mango
144,46,rice,6,rice,6,0.880000000000,0.760000000000,rice,rice,rice,rice,rice,rice
145,1745,papaya,6,papaya,6,1.000000000000,1.000000000000,papaya,papaya,papaya,papaya,papaya,papaya
146,1011,banana,6,banana,6,0.990000000000,0.980000000000,banana,banana,banana,banana,banana,banana
147,1681,orange,6,orange,6,0.980000000000,0.960000000000,orange,orange,orange,orange,orange,orange
148,461,pigeonpeas,6,pigeonpeas,6,0.990000000000,0.980000000000,pigeonpeas,pigeonpeas,pigeonpeas,pigeonpeas,pigeonpeas,pigeonpeas
149,803,lentil,6,lentil,6,0.990000000000,0.980000000000,lentil,lentil,lentil,lentil,lentil,lentil
150,177,maize,6,maize,6,0.990000000000,0.980000000000,maize,maize,maize,maize,maize,maize
151,258,chickpea,6,chickpea,6,1.000000000000,1.000000000000,chickpea,chickpea,chickpea,chickpea,chickpea,chickpea
152,1903,cotton,6,cotton,6,1.000000000000,1.000000000000,cotton,cotton,cotton,cotton,cotton,cotton
153,1324,watermelon,6,watermelon,6,1.000000000000,1.000000000000,watermelon,watermelon,watermelon,watermelon,watermelon,watermelon
154,525,mothbeans,5,mothbeans,5,0.890000000000,0.780000000000,mothbeans,mothbeans,lentil,mothbeans,mothbeans,mothbeans
155,191,maize,6,maize,6,0.970000000000,0.940000000000,maize,maize,maize,maize,maize,maize
156,474,pigeonpeas,6,pigeonpeas,6,0.970000000000,0.960000000000,pigeonpeas,pigeonpeas,pigeonpeas,pigeonpeas,pigeonpeas,pigeonpeas
157,1419,muskmelon,6,muskmelon,6,1.000000000000,1.000000000000,muskmelon,muskmelon,muskmelon,muskmelon,muskmelon,muskmelon
158,1592,apple,6,apple,6,1.000000000000,1.000000000000,apple,apple,apple,apple,apple,apple
159,670,mungbean,6,mungbean,6,1.000000000000,1.000000000000,mungbean,mungbean,mungbean,mungbean,mungbean,mungbean
160,791,blackgram,6,blackgram,6,0.880000000000,0.810000000000,blackgram,blackgram,blackgram,blackgram,blackgram,blackgram
161,218,chickpea,6,chickpea,6,1.000000000000,1.000000000000,chickpea,chickpea,chickpea,chickpea,chickpea,chickpea
162,128,maize,6,maize,6,1.000000000000,1.000000000000,maize,maize,maize,maize,maize,maize
163,122,maize,6,maize,6,0.990000000000,0.980000000000,maize,maize,maize,maize,maize,maize
164,305,kidneybeans,6,kidneybeans,6,0.990000000000,0.980000000000,kidneybeans,kidneybeans,kidneybeans,kidneybeans,kidneybeans,kidneybeans
165,2145,coffee,6,coffee,6,1.000000000000,1.000000000000,coffee,coffee,coffee,coffee,coffee,coffee
166,1622,orange,6,orange,6,0.990000000000,0.980000000000,orange,orange,orange,orange,orange,orange
167,108,maize,6,maize,6,0.970000000000,0.950000000000,maize,maize,maize,maize,maize,maize
168,1295,grapes,6,grapes,6,1.000000000000,1.000000000000,grapes,grapes,grapes,grapes,grapes,grapes
169,941,pomegranate,6,pomegranate,6,0.990000000000,0.980000000000,pomegranate,pomegranate,pomegranate,pomegranate,pomegranate,pomegranate
170,1501,apple,6,apple,6,0.990000000000,0.980000000000,apple,apple,apple,apple,apple,apple
171,1804,coconut,6,coconut,6,0.980000000000,0.970000000000,coconut,coconut,coconut,coconut,coconut,coconut
172,1405,muskmelon,6,muskmelon,6,1.000000000000,1.000000000000,muskmelon,muskmelon,muskmelon,muskmelon,muskmelon,muskmelon
173,1276,grapes,6,grapes,6,1.000000000000,1.000000000000,grapes,grapes,grapes,grapes,grapes,grapes
174,1985,cotton,6,cotton,6,1.000000000000,1.000000000000,cotton,cotton,cotton,cotton,cotton,cotton
175,836,lentil,6,lentil,6,0.960000000000,0.920000000000,lentil,lentil,lentil,lentil,lentil,lentil
176,440,pigeonpeas,6,pigeonpeas,6,0.960000000000,0.940000000000,pigeonpeas,pigeonpeas,pigeonpeas,pigeonpeas,pigeonpeas,pigeonpeas
177,237,chickpea,6,chickpea,6,1.000000000000,1.000000000000,chickpea,chickpea,chickpea,chickpea,chickpea,chickpea
178,789,blackgram,4,blackgram,2,0.580000000000,0.320000000000,blackgram,maize,blackgram,blackgram,blackgram,maize
179,552,mothbeans,6,mothbeans,6,0.880000000000,0.800000000000,mothbeans,mothbeans,mothbeans,mothbeans,mothbeans,mothbeans
180,1574,apple,6,apple,6,1.000000000000,1.000000000000,apple,apple,apple,apple,apple,apple
181,1461,muskmelon,6,muskmelon,6,1.000000000000,1.000000000000,muskmelon,muskmelon,muskmelon,muskmelon,muskmelon,muskmelon
182,1966,cotton,6,cotton,6,0.970000000000,0.940000000000,cotton,cotton,cotton,cotton,cotton,cotton
183,1378,watermelon,6,watermelon,6,1.000000000000,1.000000000000,watermelon,watermelon,watermelon,watermelon,watermelon,watermelon
184,1445,muskmelon,6,muskmelon,6,0.990000000000,0.980000000000,muskmelon,muskmelon,muskmelon,muskmelon,muskmelon,muskmelon
185,1314,watermelon,6,watermelon,6,1.000000000000,1.000000000000,watermelon,watermelon,watermelon,watermelon,watermelon,watermelon
186,1631,orange,4,orange,4,0.860000000000,0.820000000000,coconut,orange,coconut,orange,orange,orange
187,1346,watermelon,6,watermelon,6,1.000000000000,1.000000000000,watermelon,watermelon,watermelon,watermelon,watermelon,watermelon
188,2194,coffee,6,coffee,6,0.960000000000,0.930000000000,coffee,coffee,coffee,coffee,coffee,coffee
189,361,kidneybeans,6,kidneybeans,6,1.000000000000,1.000000000000,kidneybeans,kidneybeans,kidneybeans,kidneybeans,kidneybeans,kidneybeans
190,1521,apple,6,apple,6,1.000000000000,1.000000000000,apple,apple,apple,apple,apple,apple
191,207,chickpea,6,chickpea,6,1.000000000000,1.000000000000,chickpea,chickpea,chickpea,chickpea,chickpea,chickpea
192,718,blackgram,6,blackgram,6,0.970000000000,0.950000000000,blackgram,blackgram,blackgram,blackgram,blackgram,blackgram
193,2186,coffee,6,coffee,6,1.000000000000,1.000000000000,coffee,coffee,coffee,coffee,coffee,coffee
194,1402,muskmelon,6,muskmelon,6,1.000000000000,1.000000000000,muskmelon,muskmelon,muskmelon,muskmelon,muskmelon,muskmelon
195,2111,coffee,6,coffee,6,0.910000000000,0.850000000000,coffee,coffee,coffee,coffee,coffee,coffee
196,1584,apple,6,apple,6,1.000000000000,1.000000000000,apple,apple,apple,apple,apple,apple
197,1262,grapes,6,grapes,6,0.990000000000,0.980000000000,grapes,grapes,grapes,grapes,grapes,grapes
198,2007,jute,6,jute,6,0.980000000000,0.960000000000,jute,jute,jute,jute,jute,jute
199,1717,papaya,6,papaya,6,0.950000000000,0.930000000000,papaya,papaya,papaya,papaya,papaya,papaya
200,1805,coconut,6,coconut,6,1.000000000000,1.000000000000,coconut,coconut,coconut,coconut,coconut,coconut
201,1258,grapes,6,grapes,6,1.000000000000,1.000000000000,grapes,grapes,grapes,grapes,grapes,grapes
202,1345,watermelon,6,watermelon,6,1.000000000000,1.000000000000,watermelon,watermelon,watermelon,watermelon,watermelon,watermelon
203,631,mungbean,6,mungbean,6,1.000000000000,1.000000000000,mungbean,mungbean,mungbean,mungbean,mungbean,mungbean
204,936,pomegranate,6,pomegranate,6,1.000000000000,1.000000000000,pomegranate,pomegranate,pomegranate,pomegranate,pomegranate,pomegranate
205,448,pigeonpeas,6,pigeonpeas,6,0.930000000000,0.910000000000,pigeonpeas,pigeonpeas,pigeonpeas,pigeonpeas,pigeonpeas,pigeonpeas
206,646,mungbean,6,mungbean,6,0.910000000000,0.860000000000,mungbean,mungbean,mungbean,mungbean,mungbean,mungbean
207,838,lentil,4,lentil,4,0.550000000000,0.200000000000,mothbeans,mothbeans,lentil,lentil,lentil,lentil
208,1733,papaya,6,papaya,6,0.770000000000,0.700000000000,papaya,papaya,papaya,papaya,papaya,papaya
209,1403,muskmelon,6,muskmelon,6,1.000000000000,1.000000000000,muskmelon,muskmelon,muskmelon,muskmelon,muskmelon,muskmelon
210,260,chickpea,6,chickpea,6,1.000000000000,1.000000000000,chickpea,chickpea,chickpea,chickpea,chickpea,chickpea
211,1586,apple,6,apple,6,1.000000000000,1.000000000000,apple,apple,apple,apple,apple,apple
212,120,maize,6,maize,6,0.850000000000,0.770000000000,maize,maize,maize,maize,maize,maize
213,275,chickpea,6,chickpea,6,1.000000000000,1.000000000000,chickpea,chickpea,chickpea,chickpea,chickpea,chickpea
214,1095,banana,6,banana,6,1.000000000000,1.000000000000,banana,banana,banana,banana,banana,banana
215,940,pomegranate,6,pomegranate,6,0.980000000000,0.970000000000,pomegranate,pomegranate,pomegranate,pomegranate,pomegranate,pomegranate
216,913,pomegranate,6,pomegranate,6,0.980000000000,0.960000000000,pomegranate,pomegranate,pomegranate,pomegranate,pomegranate,pomegranate
217,145,maize,6,maize,6,0.980000000000,0.970000000000,maize,maize,maize,maize,maize,maize
218,1611,orange,6,orange,6,0.980000000000,0.970000000000,orange,orange,orange,orange,orange,orange
219,2054,jute,6,jute,6,0.900000000000,0.810000000000,jute,jute,jute,jute,jute,jute
220,1957,cotton,6,cotton,6,0.980000000000,0.970000000000,cotton,cotton,cotton,cotton,cotton,cotton
221,1935,cotton,6,cotton,6,1.000000000000,1.000000000000,cotton,cotton,cotton,cotton,cotton,cotton
222,104,maize,6,maize,6,0.980000000000,0.970000000000,maize,maize,maize,maize,maize,maize
223,1217,grapes,6,grapes,6,0.990000000000,0.980000000000,grapes,grapes,grapes,grapes,grapes,grapes
224,697,mungbean,6,mungbean,6,1.000000000000,1.000000000000,mungbean,mungbean,mungbean,mungbean,mungbean,mungbean
225,884,lentil,6,lentil,6,0.950000000000,0.920000000000,lentil,lentil,lentil,lentil,lentil,lentil
226,475,pigeonpeas,6,pigeonpeas,6,0.940000000000,0.890000000000,pigeonpeas,pigeonpeas,pigeonpeas,pigeonpeas,pigeonpeas,pigeonpeas
227,1726,papaya,6,papaya,6,0.990000000000,0.980000000000,papaya,papaya,papaya,papaya,papaya,papaya
228,615,mungbean,6,mungbean,6,0.960000000000,0.940000000000,mungbean,mungbean,mungbean,mungbean,mungbean,mungbean
229,1582,apple,6,apple,6,0.990000000000,0.980000000000,apple,apple,apple,apple,apple,apple
230,1027,banana,6,banana,6,0.990000000000,0.980000000000,banana,banana,banana,banana,banana,banana
231,42,rice,3,jute,3,0.650000000000,0.310000000000,jute,rice,rice,jute,jute,rice
232,285,chickpea,6,chickpea,6,1.000000000000,1.000000000000,chickpea,chickpea,chickpea,chickpea,chickpea,chickpea
233,150,maize,6,maize,6,0.980000000000,0.960000000000,maize,maize,maize,maize,maize,maize
234,37,rice,6,rice,6,0.970000000000,0.940000000000,rice,rice,rice,rice,rice,rice
235,1657,orange,6,orange,6,0.970000000000,0.940000000000,orange,orange,orange,orange,orange,orange
236,723,blackgram,6,blackgram,6,0.980000000000,0.970000000000,blackgram,blackgram,blackgram,blackgram,blackgram,blackgram
237,1885,coconut,6,coconut,6,0.910000000000,0.870000000000,coconut,coconut,coconut,coconut,coconut,coconut
238,22,rice,6,rice,6,0.970000000000,0.950000000000,rice,rice,rice,rice,rice,rice
239,1294,grapes,6,grapes,6,1.000000000000,1.000000000000,grapes,grapes,grapes,grapes,grapes,grapes
240,358,kidneybeans,6,kidneybeans,6,1.000000000000,1.000000000000,kidneybeans,kidneybeans,kidneybeans,kidneybeans,kidneybeans,kidneybeans
241,1938,cotton,6,cotton,6,1.000000000000,1.000000000000,cotton,cotton,cotton,cotton,cotton,cotton
242,625,mungbean,6,mungbean,6,1.000000000000,1.000000000000,mungbean,mungbean,mungbean,mungbean,mungbean,mungbean
243,609,mungbean,6,mungbean,6,1.000000000000,1.000000000000,mungbean,mungbean,mungbean,mungbean,mungbean,mungbean
244,1807,coconut,6,coconut,6,0.990000000000,0.980000000000,coconut,coconut,coconut,coconut,coconut,coconut
245,1520,apple,6,apple,6,0.950000000000,0.900000000000,apple,apple,apple,apple,apple,apple
246,829,lentil,6,lentil,6,0.850000000000,0.720000000000,lentil,lentil,lentil,lentil,lentil,lentil
247,1711,papaya,6,papaya,6,0.960000000000,0.940000000000,papaya,papaya,papaya,papaya,papaya,papaya
248,914,pomegranate,6,pomegranate,6,1.000000000000,1.000000000000,pomegranate,pomegranate,pomegranate,pomegranate,pomegranate,pomegranate
249,268,chickpea,6,chickpea,6,1.000000000000,1.000000000000,chickpea,chickpea,chickpea,chickpea,chickpea,chickpea
250,332,kidneybeans,6,kidneybeans,6,0.900000000000,0.810000000000,kidneybeans,kidneybeans,kidneybeans,kidneybeans,kidneybeans,kidneybeans
251,383,kidneybeans,6,kidneybeans,6,0.990000000000,0.980000000000,kidneybeans,kidneybeans,kidneybeans,kidneybeans,kidneybeans,kidneybeans
252,406,pigeonpeas,6,pigeonpeas,6,0.980000000000,0.960000000000,pigeonpeas,pigeonpeas,pigeonpeas,pigeonpeas,pigeonpeas,pigeonpeas
253,2094,jute,5,jute,5,0.790000000000,0.590000000000,jute,rice,jute,jute,jute,jute
254,1471,muskmelon,6,muskmelon,6,1.000000000000,1.000000000000,muskmelon,muskmelon,muskmelon,muskmelon,muskmelon,muskmelon
255,943,pomegranate,6,pomegranate,6,0.960000000000,0.940000000000,pomegranate,pomegranate,pomegranate,pomegranate,pomegranate,pomegranate
256,767,blackgram,6,blackgram,6,1.000000000000,1.000000000000,blackgram,blackgram,blackgram,blackgram,blackgram,blackgram
257,247,chickpea,6,chickpea,6,1.000000000000,1.000000000000,chickpea,chickpea,chickpea,chickpea,chickpea,chickpea
258,1462,muskmelon,6,muskmelon,6,1.000000000000,1.000000000000,muskmelon,muskmelon,muskmelon,muskmelon,muskmelon,muskmelon
259,1166,mango,6,mango,6,0.990000000000,0.980000000000,mango,mango,mango,mango,mango,mango
260,290,chickpea,6,chickpea,6,0.770000000000,0.710000000000,chickpea,chickpea,chickpea,chickpea,chickpea,chickpea
261,1311,watermelon,6,watermelon,6,0.990000000000,0.980000000000,watermelon,watermelon,watermelon,watermelon,watermelon,watermelon
262,253,chickpea,6,chickpea,6,1.000000000000,1.000000000000,chickpea,chickpea,chickpea,chickpea,chickpea,chickpea
263,925,pomegranate,6,pomegranate,6,0.980000000000,0.960000000000,pomegranate,pomegranate,pomegranate,pomegranate,pomegranate,pomegranate
264,1198,mango,6,mango,6,1.000000000000,1.000000000000,mango,mango,mango,mango,mango,mango
265,586,mothbeans,6,mothbeans,6,0.980000000000,0.970000000000,mothbeans,mothbeans,mothbeans,mothbeans,mothbeans,mothbeans
266,1990,cotton,6,cotton,6,1.000000000000,1.000000000000,cotton,cotton,cotton,cotton,cotton,cotton
267,2066,jute,6,jute,6,0.890000000000,0.790000000000,jute,jute,jute,jute,jute,jute
268,1563,apple,6,apple,6,0.980000000000,0.960000000000,apple,apple,apple,apple,apple,apple
269,325,kidneybeans,6,kidneybeans,6,0.990000000000,0.980000000000,kidneybeans,kidneybeans,kidneybeans,kidneybeans,kidneybeans,kidneybeans
270,1867,coconut,6,coconut,6,0.980000000000,0.970000000000,coconut,coconut,coconut,coconut,coconut,coconut
271,1723,papaya,6,papaya,6,0.980000000000,0.970000000000,papaya,papaya,papaya,papaya,papaya,papaya
272,2128,coffee,6,coffee,6,1.000000000000,1.000000000000,coffee,coffee,coffee,coffee,coffee,coffee
273,395,kidneybeans,6,kidneybeans,6,1.000000000000,1.000000000000,kidneybeans,kidneybeans,kidneybeans,kidneybeans,kidneybeans,kidneybeans
274,1812,coconut,6,coconut,6,1.000000000000,1.000000000000,coconut,coconut,coconut,coconut,coconut,coconut
275,1891,coconut,6,coconut,6,1.000000000000,1.000000000000,coconut,coconut,coconut,coconut,coconut,coconut
276,769,blackgram,5,blackgram,5,0.840000000000,0.740000000000,blackgram,mothbeans,blackgram,blackgram,blackgram,blackgram
277,834,lentil,6,lentil,6,0.930000000000,0.880000000000,lentil,lentil,lentil,lentil,lentil,lentil
278,352,kidneybeans,6,kidneybeans,6,1.000000000000,1.000000000000,kidneybeans,kidneybeans,kidneybeans,kidneybeans,kidneybeans,kidneybeans
279,658,mungbean,6,mungbean,6,0.970000000000,0.950000000000,mungbean,mungbean,mungbean,mungbean,mungbean,mungbean
280,2120,coffee,6,coffee,6,0.990000000000,0.980000000000,coffee,coffee,coffee,coffee,coffee,coffee
281,1995,cotton,6,cotton,6,0.990000000000,0.980000000000,cotton,cotton,cotton,cotton,cotton,cotton
282,1284,grapes,6,grapes,6,0.980000000000,0.960000000000,grapes,grapes,grapes,grapes,grapes,grapes
283,2125,coffee,6,coffee,6,1.000000000000,1.000000000000,coffee,coffee,coffee,coffee,coffee,coffee
284,754,blackgram,5,blackgram,5,0.610000000000,0.330000000000,blackgram,lentil,blackgram,blackgram,blackgram,blackgram
285,526,mothbeans,5,mothbeans,5,0.720000000000,0.530000000000,mothbeans,lentil,mothbeans,mothbeans,mothbeans,mothbeans
286,804,lentil,6,lentil,6,0.970000000000,0.950000000000,lentil,lentil,lentil,lentil,lentil,lentil
287,1347,watermelon,6,watermelon,6,1.000000000000,1.000000000000,watermelon,watermelon,watermelon,watermelon,watermelon,watermelon
288,959,pomegranate,6,pomegranate,6,0.960000000000,0.930000000000,pomegranate,pomegranate,pomegranate,pomegranate,pomegranate,pomegranate
289,1523,apple,6,apple,6,0.990000000000,0.980000000000,apple,apple,apple,apple,apple,apple
290,1641,orange,6,orange,6,0.970000000000,0.940000000000,orange,orange,orange,orange,orange,orange
291,1133,mango,6,mango,6,0.990000000000,0.980000000000,mango,mango,mango,mango,mango,mango
292,2060,jute,6,jute,6,1.000000000000,1.000000000000,jute,jute,jute,jute,jute,jute
293,1006,banana,6,banana,6,1.000000000000,1.000000000000,banana,banana,banana,banana,banana,banana
294,831,lentil,6,lentil,6,0.940000000000,0.920000000000,lentil,lentil,lentil,lentil,lentil,lentil
295,685,mungbean,6,mungbean,6,0.990000000000,0.980000000000,mungbean,mungbean,mungbean,mungbean,mungbean,mungbean
296,796,blackgram,6,blackgram,6,1.000000000000,1.000000000000,blackgram,blackgram,blackgram,blackgram,blackgram,blackgram
297,556,mothbeans,6,mothbeans,6,0.820000000000,0.730000000000,mothbeans,mothbeans,mothbeans,mothbeans,mothbeans,mothbeans
298,1322,watermelon,6,watermelon,6,1.000000000000,1.000000000000,watermelon,watermelon,watermelon,watermelon,watermelon,watermelon
299,414,pigeonpeas,6,pigeonpeas,6,0.940000000000,0.910000000000,pigeonpeas,pigeonpeas,pigeonpeas,pigeonpeas,pigeonpeas,pigeonpeas
300,882,lentil,6,lentil,6,0.990000000000,0.980000000000,lentil,lentil,lentil,lentil,lentil,lentil
301,1043,banana,6,banana,6,1.000000000000,1.000000000000,banana,banana,banana,banana,banana,banana
302,1560,apple,6,apple,6,0.990000000000,0.980000000000,apple,apple,apple,apple,apple,apple
303,1007,banana,6,banana,6,1.000000000000,1.000000000000,banana,banana,banana,banana,banana,banana
304,1336,watermelon,6,watermelon,6,0.960000000000,0.940000000000,watermelon,watermelon,watermelon,watermelon,watermelon,watermelon
305,774,blackgram,6,blackgram,6,0.930000000000,0.880000000000,blackgram,blackgram,blackgram,blackgram,blackgram,blackgram
306,374,kidneybeans,6,kidneybeans,6,0.980000000000,0.970000000000,kidneybeans,kidneybeans,kidneybeans,kidneybeans,kidneybeans,kidneybeans
307,49,rice,6,rice,6,0.910000000000,0.850000000000,rice,rice,rice,rice,rice,rice
308,1760,papaya,6,papaya,6,0.980000000000,0.970000000000,papaya,papaya,papaya,papaya,papaya,papaya
309,1022,banana,6,banana,6,0.930000000000,0.900000000000,banana,banana,banana,banana,banana,banana
310,321,kidneybeans,6,kidneybeans,6,0.980000000000,0.960000000000,kidneybeans,kidneybeans,kidneybeans,kidneybeans,kidneybeans,kidneybeans
311,1071,banana,6,banana,6,1.000000000000,1.000000000000,banana,banana,banana,banana,banana,banana
312,1453,muskmelon,6,muskmelon,6,1.000000000000,1.000000000000,muskmelon,muskmelon,muskmelon,muskmelon,muskmelon,muskmelon
313,1424,muskmelon,6,muskmelon,6,1.000000000000,1.000000000000,muskmelon,muskmelon,muskmelon,muskmelon,muskmelon,muskmelon
314,1652,orange,6,orange,6,0.910000000000,0.820000000000,orange,orange,orange,orange,orange,orange
315,167,maize,6,maize,6,0.890000000000,0.840000000000,maize,maize,maize,maize,maize,maize
316,1034,banana,6,banana,6,1.000000000000,1.000000000000,banana,banana,banana,banana,banana,banana
317,408,pigeonpeas,5,pigeonpeas,5,0.700000000000,0.590000000000,pigeonpeas,pigeonpeas,mothbeans,pigeonpeas,pigeonpeas,pigeonpeas
318,2074,jute,6,jute,6,1.000000000000,1.000000000000,jute,jute,jute,jute,jute,jute
319,1537,apple,6,apple,6,0.980000000000,0.960000000000,apple,apple,apple,apple,apple,apple
320,877,lentil,6,lentil,6,0.950000000000,0.930000000000,lentil,lentil,lentil,lentil,lentil,lentil
321,1410,muskmelon,6,muskmelon,6,1.000000000000,1.000000000000,muskmelon,muskmelon,muskmelon,muskmelon,muskmelon,muskmelon
322,1816,coconut,6,coconut,6,0.970000000000,0.950000000000,coconut,coconut,coconut,coconut,coconut,coconut
323,1734,papaya,6,papaya,6,0.890000000000,0.850000000000,papaya,papaya,papaya,papaya,papaya,papaya
324,2024,jute,6,jute,6,0.910000000000,0.830000000000,jute,jute,jute,jute,jute,jute
325,1970,cotton,6,cotton,6,1.000000000000,1.000000000000,cotton,cotton,cotton,cotton,cotton,cotton
326,1629,orange,6,orange,6,0.970000000000,0.950000000000,orange,orange,orange,orange,orange,orange
327,1676,orange,6,orange,6,0.980000000000,0.960000000000,orange,orange,orange,orange,orange,orange
328,743,blackgram,6,blackgram,6,0.990000000000,0.980000000000,blackgram,blackgram,blackgram,blackgram,blackgram,blackgram
329,466,pigeonpeas,6,pigeonpeas,6,0.870000000000,0.830000000000,pigeonpeas,pigeonpeas,pigeonpeas,pigeonpeas,pigeonpeas,pigeonpeas
330,1106,mango,6,mango,6,1.000000000000,1.000000000000,mango,mango,mango,mango,mango,mango
331,1470,muskmelon,6,muskmelon,6,1.000000000000,1.000000000000,muskmelon,muskmelon,muskmelon,muskmelon,muskmelon,muskmelon
332,2055,jute,6,jute,6,0.940000000000,0.890000000000,jute,jute,jute,jute,jute,jute
333,1487,muskmelon,6,muskmelon,6,1.000000000000,1.000000000000,muskmelon,muskmelon,muskmelon,muskmelon,muskmelon,muskmelon
334,1778,papaya,6,papaya,6,1.000000000000,1.000000000000,papaya,papaya,papaya,papaya,papaya,papaya
335,1186,mango,6,mango,6,1.000000000000,1.000000000000,mango,mango,mango,mango,mango,mango
336,220,chickpea,6,chickpea,6,1.000000000000,1.000000000000,chickpea,chickpea,chickpea,chickpea,chickpea,chickpea
337,407,pigeonpeas,6,pigeonpeas,6,0.940000000000,0.910000000000,pigeonpeas,pigeonpeas,pigeonpeas,pigeonpeas,pigeonpeas,pigeonpeas
338,917,pomegranate,6,pomegranate,6,1.000000000000,1.000000000000,pomegranate,pomegranate,pomegranate,pomegranate,pomegranate,pomegranate
339,1343,watermelon,6,watermelon,6,0.720000000000,0.520000000000,watermelon,watermelon,watermelon,watermelon,watermelon,watermelon
340,4,rice,6,rice,6,0.980000000000,0.960000000000,rice,rice,rice,rice,rice,rice
341,622,mungbean,6,mungbean,6,1.000000000000,1.000000000000,mungbean,mungbean,mungbean,mungbean,mungbean,mungbean
342,1379,watermelon,6,watermelon,6,1.000000000000,1.000000000000,watermelon,watermelon,watermelon,watermelon,watermelon,watermelon
343,1529,apple,6,apple,6,0.960000000000,0.920000000000,apple,apple,apple,apple,apple,apple
344,79,rice,5,rice,5,0.930000000000,0.860000000000,jute,rice,rice,rice,rice,rice
345,1061,banana,6,banana,6,0.990000000000,0.980000000000,banana,banana,banana,banana,banana,banana
346,2031,jute,6,jute,6,0.820000000000,0.660000000000,jute,jute,jute,jute,jute,jute
347,320,kidneybeans,6,kidneybeans,6,1.000000000000,1.000000000000,kidneybeans,kidneybeans,kidneybeans,kidneybeans,kidneybeans,kidneybeans
348,431,pigeonpeas,6,pigeonpeas,6,0.990000000000,0.980000000000,pigeonpeas,pigeonpeas,pigeonpeas,pigeonpeas,pigeonpeas,pigeonpeas
349,686,mungbean,6,mungbean,6,1.000000000000,1.000000000000,mungbean,mungbean,mungbean,mungbean,mungbean,mungbean
350,516,mothbeans,6,mothbeans,6,0.920000000000,0.880000000000,mothbeans,mothbeans,mothbeans,mothbeans,mothbeans,mothbeans
351,355,kidneybeans,6,kidneybeans,6,0.990000000000,0.980000000000,kidneybeans,kidneybeans,kidneybeans,kidneybeans,kidneybeans,kidneybeans
352,530,mothbeans,6,mothbeans,6,0.720000000000,0.620000000000,mothbeans,mothbeans,mothbeans,mothbeans,mothbeans,mothbeans
353,33,rice,6,rice,6,0.970000000000,0.940000000000,rice,rice,rice,rice,rice,rice
354,755,blackgram,6,blackgram,6,0.810000000000,0.670000000000,blackgram,blackgram,blackgram,blackgram,blackgram,blackgram
355,2135,coffee,6,coffee,6,0.890000000000,0.840000000000,coffee,coffee,coffee,coffee,coffee,coffee
356,2107,coffee,6,coffee,6,1.000000000000,1.000000000000,coffee,coffee,coffee,coffee,coffee,coffee
357,1226,grapes,6,grapes,6,0.990000000000,0.980000000000,grapes,grapes,grapes,grapes,grapes,grapes
358,993,pomegranate,6,pomegranate,6,0.930000000000,0.890000000000,pomegranate,pomegranate,pomegranate,pomegranate,pomegranate,pomegranate
359,968,pomegranate,6,pomegranate,6,0.980000000000,0.960000000000,pomegranate,pomegranate,pomegranate,pomegranate,pomegranate,pomegranate
360,460,pigeonpeas,6,pigeonpeas,6,0.980000000000,0.960000000000,pigeonpeas,pigeonpeas,pigeonpeas,pigeonpeas,pigeonpeas,pigeonpeas
361,939,pomegranate,6,pomegranate,6,0.950000000000,0.910000000000,pomegranate,pomegranate,pomegranate,pomegranate,pomegranate,pomegranate
362,1153,mango,6,mango,6,1.000000000000,1.000000000000,mango,mango,mango,mango,mango,mango
363,1862,coconut,6,coconut,6,0.980000000000,0.970000000000,coconut,coconut,coconut,coconut,coconut,coconut
364,482,pigeonpeas,4,pigeonpeas,4,0.990000000000,0.980000000000,pigeonpeas,pigeonpeas,kidneybeans,kidneybeans,pigeonpeas,pigeonpeas
365,536,mothbeans,6,mothbeans,6,0.860000000000,0.750000000000,mothbeans,mothbeans,mothbeans,mothbeans,mothbeans,mothbeans
366,1930,cotton,6,cotton,6,1.000000000000,1.000000000000,cotton,cotton,cotton,cotton,cotton,cotton
367,1969,cotton,6,cotton,6,0.970000000000,0.950000000000,cotton,cotton,cotton,cotton,cotton,cotton
368,1080,banana,6,banana,6,1.000000000000,1.000000000000,banana,banana,banana,banana,banana,banana
369,73,rice,4,rice,4,0.850000000000,0.700000000000,jute,rice,rice,jute,rice,rice
370,1320,watermelon,6,watermelon,6,1.000000000000,1.000000000000,watermelon,watermelon,watermelon,watermelon,watermelon,watermelon
371,1440,muskmelon,6,muskmelon,6,0.990000000000,0.980000000000,muskmelon,muskmelon,muskmelon,muskmelon,muskmelon,muskmelon
372,351,kidneybeans,6,kidneybeans,6,0.990000000000,0.980000000000,kidneybeans,kidneybeans,kidneybeans,kidneybeans,kidneybeans,kidneybeans
373,392,kidneybeans,6,kidneybeans,6,0.990000000000,0.980000000000,kidneybeans,kidneybeans,kidneybeans,kidneybeans,kidneybeans,kidneybeans
374,2133,coffee,6,coffee,6,0.920000000000,0.880000000000,coffee,coffee,coffee,coffee,coffee,coffee
375,492,pigeonpeas,6,pigeonpeas,6,0.990000000000,0.980000000000,pigeonpeas,pigeonpeas,pigeonpeas,pigeonpeas,pigeonpeas,pigeonpeas
376,608,mungbean,6,mungbean,6,0.990000000000,0.980000000000,mungbean,mungbean,mungbean,mungbean,mungbean,mungbean
377,229,chickpea,6,chickpea,6,1.000000000000,1.000000000000,chickpea,chickpea,chickpea,chickpea,chickpea,chickpea
378,83,rice,6,jute,6,0.690000000000,0.380000000000,jute,jute,jute,jute,jute,jute
379,1285,grapes,6,grapes,6,0.990000000000,0.980000000000,grapes,grapes,grapes,grapes,grapes,grapes
380,1451,muskmelon,6,muskmelon,6,1.000000000000,1.000000000000,muskmelon,muskmelon,muskmelon,muskmelon,muskmelon,muskmelon
381,1916,cotton,6,cotton,6,1.000000000000,1.000000000000,cotton,cotton,cotton,cotton,cotton,cotton
382,1182,mango,6,mango,6,1.000000000000,1.000000000000,mango,mango,mango,mango,mango,mango
383,363,kidneybeans,6,kidneybeans,6,0.870000000000,0.810000000000,kidneybeans,kidneybeans,kidneybeans,kidneybeans,kidneybeans,kidneybeans
384,295,chickpea,6,chickpea,6,1.000000000000,1.000000000000,chickpea,chickpea,chickpea,chickpea,chickpea,chickpea
385,135,maize,4,maize,4,0.800000000000,0.680000000000,cotton,maize,maize,cotton,maize,maize
386,136,maize,6,maize,6,1.000000000000,1.000000000000,maize,maize,maize,maize,maize,maize
387,1724,papaya,6,papaya,6,0.970000000000,0.960000000000,papaya,papaya,papaya,papaya,papaya,papaya
388,524,mothbeans,6,mothbeans,6,0.960000000000,0.940000000000,mothbeans,mothbeans,mothbeans,mothbeans,mothbeans,mothbeans
389,369,kidneybeans,6,kidneybeans,6,1.000000000000,1.000000000000,kidneybeans,kidneybeans,kidneybeans,kidneybeans,kidneybeans,kidneybeans
390,443,pigeonpeas,6,pigeonpeas,6,0.970000000000,0.950000000000,pigeonpeas,pigeonpeas,pigeonpeas,pigeonpeas,pigeonpeas,pigeonpeas
391,977,pomegranate,6,pomegranate,6,0.930000000000,0.860000000000,pomegranate,pomegranate,pomegranate,pomegranate,pomegranate,pomegranate
392,2174,coffee,6,coffee,6,1.000000000000,1.000000000000,coffee,coffee,coffee,coffee,coffee,coffee
393,790,blackgram,6,blackgram,6,0.960000000000,0.940000000000,blackgram,blackgram,blackgram,blackgram,blackgram,blackgram
394,899,lentil,6,lentil,6,0.970000000000,0.940000000000,lentil,lentil,lentil,lentil,lentil,lentil
395,1476,muskmelon,6,muskmelon,6,0.990000000000,0.980000000000,muskmelon,muskmelon,muskmelon,muskmelon,muskmelon,muskmelon
396,570,mothbeans,5,mothbeans,5,0.580000000000,0.410000000000,lentil,mothbeans,mothbeans,mothbeans,mothbeans,mothbeans
397,1752,papaya,6,papaya,6,0.990000000000,0.980000000000,papaya,papaya,papaya,papaya,papaya,papaya
398,92,rice,6,rice,6,0.920000000000,0.850000000000,rice,rice,rice,rice,rice,rice
399,471,pigeonpeas,6,pigeonpeas,6,0.920000000000,0.890000000000,pigeonpeas,pigeonpeas,pigeonpeas,pigeonpeas,pigeonpeas,pigeonpeas
400,1210,grapes,6,grapes,6,0.980000000000,0.970000000000,grapes,grapes,grapes,grapes,grapes,grapes
401,700,blackgram,6,blackgram,6,0.990000000000,0.980000000000,blackgram,blackgram,blackgram,blackgram,blackgram,blackgram
402,1173,mango,6,mango,6,0.660000000000,0.470000000000,mango,mango,mango,mango,mango,mango
403,2180,coffee,6,coffee,6,1.000000000000,1.000000000000,coffee,coffee,coffee,coffee,coffee,coffee
404,1690,orange,6,orange,6,0.900000000000,0.840000000000,orange,orange,orange,orange,orange,orange
405,1857,coconut,6,coconut,6,0.990000000000,0.980000000000,coconut,coconut,coconut,coconut,coconut,coconut
406,51,rice,6,rice,6,0.950000000000,0.900000000000,rice,rice,rice,rice,rice,rice
407,354,kidneybeans,6,kidneybeans,6,1.000000000000,1.000000000000,kidneybeans,kidneybeans,kidneybeans,kidneybeans,kidneybeans,kidneybeans
408,1779,papaya,6,papaya,6,0.720000000000,0.500000000000,papaya,papaya,papaya,papaya,papaya,papaya
409,2134,coffee,6,coffee,6,0.970000000000,0.950000000000,coffee,coffee,coffee,coffee,coffee,coffee
410,1304,watermelon,6,watermelon,6,1.000000000000,1.000000000000,watermelon,watermelon,watermelon,watermelon,watermelon,watermelon
411,584,mothbeans,6,mothbeans,6,0.990000000000,0.980000000000,mothbeans,mothbeans,mothbeans,mothbeans,mothbeans,mothbeans
412,1571,apple,6,apple,6,0.990000000000,0.980000000000,apple,apple,apple,apple,apple,apple
413,839,lentil,4,lentil,4,0.600000000000,0.270000000000,mothbeans,mothbeans,lentil,lentil,lentil,lentil
414,1759,papaya,5,papaya,5,0.970000000000,0.950000000000,rice,papaya,papaya,papaya,papaya,papaya
415,1839,coconut,6,coconut,6,0.980000000000,0.970000000000,coconut,coconut,coconut,coconut,coconut,coconut
416,1714,papaya,6,papaya,6,1.000000000000,1.000000000000,papaya,papaya,papaya,papaya,papaya,papaya
417,2189,coffee,6,coffee,6,0.990000000000,0.980000000000,coffee,coffee,coffee,coffee,coffee,coffee
418,1852,coconut,6,coconut,6,0.970000000000,0.950000000000,coconut,coconut,coconut,coconut,coconut,coconut
419,2049,jute,6,jute,6,0.680000000000,0.400000000000,jute,jute,jute,jute,jute,jute
420,1893,coconut,6,coconut,6,0.970000000000,0.960000000000,coconut,coconut,coconut,coconut,coconut,coconut
421,2101,coffee,6,coffee,6,1.000000000000,1.000000000000,coffee,coffee,coffee,coffee,coffee,coffee
422,64,rice,6,rice,6,1.000000000000,1.000000000000,rice,rice,rice,rice,rice,rice
423,1665,orange,6,orange,6,0.960000000000,0.920000000000,orange,orange,orange,orange,orange,orange
424,1184,mango,6,mango,6,1.000000000000,1.000000000000,mango,mango,mango,mango,mango,mango
425,1677,orange,6,orange,6,0.990000000000,0.980000000000,orange,orange,orange,orange,orange,orange
426,1846,coconut,6,coconut,6,1.000000000000,1.000000000000,coconut,coconut,coconut,coconut,coconut,coconut
427,1815,coconut,6,coconut,6,1.000000000000,1.000000000000,coconut,coconut,coconut,coconut,coconut,coconut
428,1204,grapes,6,grapes,6,0.970000000000,0.940000000000,grapes,grapes,grapes,grapes,grapes,grapes
429,1953,cotton,6,cotton,6,1.000000000000,1.000000000000,cotton,cotton,cotton,cotton,cotton,cotton
430,1040,banana,6,banana,6,0.970000000000,0.960000000000,banana,banana,banana,banana,banana,banana
431,1248,grapes,6,grapes,6,1.000000000000,1.000000000000,grapes,grapes,grapes,grapes,grapes,grapes
432,1164,mango,6,mango,6,0.680000000000,0.500000000000,mango,mango,mango,mango,mango,mango
433,1107,mango,6,mango,6,0.980000000000,0.970000000000,mango,mango,mango,mango,mango,mango
434,509,mothbeans,5,mothbeans,5,0.860000000000,0.800000000000,mothbeans,mothbeans,lentil,mothbeans,mothbeans,mothbeans
435,140,maize,4,maize,4,0.850000000000,0.760000000000,maize,maize,cotton,cotton,maize,maize
436,1587,apple,6,apple,6,1.000000000000,1.000000000000,apple,apple,apple,apple,apple,apple
437,2015,jute,6,jute,6,0.970000000000,0.950000000000,jute,jute,jute,jute,jute,jute
438,1254,grapes,6,grapes,6,1.000000000000,1.000000000000,grapes,grapes,grapes,grapes,grapes,grapes
439,449,pigeonpeas,6,pigeonpeas,6,0.890000000000,0.830000000000,pigeonpeas,pigeonpeas,pigeonpeas,pigeonpeas,pigeonpeas,pigeonpeas
