test_position,source_row_index,true_crop,top_1_crop,top_1_probability,top_2_crop,top_2_probability,top_3_crop,top_3_probability,top_1_correct,top_2_correct,top_3_correct,top_1_minus_top_2_margin
0,1609,orange,orange,0.970000000000,pomegranate,0.030000000000,apple,0.000000000000,True,True,True,0.940000000000
1,1072,banana,banana,0.930000000000,papaya,0.040000000000,cotton,0.020000000000,True,True,True,0.890000000000
2,1912,cotton,cotton,1.000000000000,apple,0.000000000000,banana,0.000000000000,True,True,True,1.000000000000
3,100,maize,maize,0.990000000000,mothbeans,0.010000000000,apple,0.000000000000,True,True,True,0.980000000000
4,1645,orange,orange,0.990000000000,pomegranate,0.010000000000,apple,0.000000000000,True,True,True,0.980000000000
5,221,chickpea,chickpea,1.000000000000,apple,0.000000000000,banana,0.000000000000,True,True,True,1.000000000000
6,28,rice,rice,0.990000000000,jute,0.010000000000,apple,0.000000000000,True,True,True,0.980000000000
7,701,blackgram,blackgram,0.970000000000,lentil,0.030000000000,apple,0.000000000000,True,True,True,0.940000000000
8,1097,banana,banana,1.000000000000,apple,0.000000000000,blackgram,0.000000000000,True,True,True,1.000000000000
9,1638,orange,orange,1.000000000000,apple,0.000000000000,banana,0.000000000000,True,True,True,1.000000000000
10,1391,watermelon,watermelon,1.000000000000,apple,0.000000000000,banana,0.000000000000,True,True,True,1.000000000000
11,901,pomegranate,pomegranate,1.000000000000,apple,0.000000000000,banana,0.000000000000,True,True,True,1.000000000000
12,1386,watermelon,watermelon,1.000000000000,apple,0.000000000000,banana,0.000000000000,True,True,True,1.000000000000
13,171,maize,maize,1.000000000000,apple,0.000000000000,banana,0.000000000000,True,True,True,1.000000000000
14,544,mothbeans,mothbeans,0.810000000000,blackgram,0.070000000000,pigeonpeas,0.040000000000,True,True,True,0.740000000000
15,1264,grapes,grapes,1.000000000000,apple,0.000000000000,banana,0.000000000000,True,True,True,1.000000000000
16,1220,grapes,grapes,1.000000000000,apple,0.000000000000,banana,0.000000000000,True,True,True,1.000000000000
17,1154,mango,mango,1.000000000000,apple,0.000000000000,banana,0.000000000000,True,True,True,1.000000000000
18,1131,mango,mango,0.980000000000,mothbeans,0.010000000000,papaya,0.010000000000,True,True,True,0.970000000000
19,1514,apple,apple,1.000000000000,banana,0.000000000000,blackgram,0.000000000000,True,True,True,1.000000000000
20,795,blackgram,blackgram,0.990000000000,lentil,0.010000000000,apple,0.000000000000,True,True,True,0.980000000000
21,1502,apple,apple,1.000000000000,banana,0.000000000000,blackgram,0.000000000000,True,True,True,1.000000000000
22,585,mothbeans,mothbeans,0.790000000000,lentil,0.180000000000,blackgram,0.010000000000,True,True,True,0.610000000000
23,387,kidneybeans,kidneybeans,0.990000000000,pigeonpeas,0.010000000000,apple,0.000000000000,True,True,True,0.980000000000
24,1591,apple,apple,0.980000000000,grapes,0.020000000000,banana,0.000000000000,True,True,True,0.960000000000
25,2003,jute,jute,0.980000000000,rice,0.010000000000,watermelon,0.010000000000,True,True,True,0.970000000000
26,505,mothbeans,mothbeans,0.890000000000,blackgram,0.050000000000,pigeonpeas,0.040000000000,True,True,True,0.840000000000
27,1342,watermelon,watermelon,1.000000000000,apple,0.000000000000,banana,0.000000000000,True,True,True,1.000000000000
28,0,rice,rice,0.900000000000,jute,0.100000000000,apple,0.000000000000,True,True,True,0.800000000000
29,2106,coffee,coffee,1.000000000000,apple,0.000000000000,banana,0.000000000000,True,True,True,1.000000000000
30,1102,mango,mango,0.920000000000,coconut,0.020000000000,coffee,0.020000000000,True,True,True,0.900000000000
31,2086,jute,jute,0.930000000000,rice,0.060000000000,banana,0.010000000000,True,True,True,0.870000000000
32,1036,banana,banana,1.000000000000,apple,0.000000000000,blackgram,0.000000000000,True,True,True,1.000000000000
33,2167,coffee,coffee,1.000000000000,apple,0.000000000000,banana,0.000000000000,True,True,True,1.000000000000
34,2050,jute,jute,0.990000000000,rice,0.010000000000,apple,0.000000000000,True,True,True,0.980000000000
35,737,blackgram,blackgram,0.910000000000,maize,0.080000000000,lentil,0.010000000000,True,True,True,0.830000000000
36,1298,grapes,grapes,1.000000000000,apple,0.000000000000,banana,0.000000000000,True,True,True,1.000000000000
37,1200,grapes,grapes,1.000000000000,apple,0.000000000000,banana,0.000000000000,True,True,True,1.000000000000
38,731,blackgram,blackgram,0.990000000000,mothbeans,0.010000000000,apple,0.000000000000,True,True,True,0.980000000000
39,2042,jute,jute,0.930000000000,rice,0.040000000000,papaya,0.020000000000,True,True,True,0.890000000000
40,1829,coconut,coconut,1.000000000000,apple,0.000000000000,banana,0.000000000000,True,True,True,1.000000000000
41,1716,papaya,papaya,0.990000000000,grapes,0.010000000000,apple,0.000000000000,True,True,True,0.980000000000
42,1156,mango,mango,1.000000000000,apple,0.000000000000,banana,0.000000000000,True,True,True,1.000000000000
43,185,maize,maize,0.970000000000,mothbeans,0.020000000000,coffee,0.010000000000,True,True,True,0.950000000000
44,861,lentil,lentil,0.980000000000,blackgram,0.020000000000,apple,0.000000000000,True,True,True,0.960000000000
45,2022,jute,jute,0.940000000000,rice,0.050000000000,watermelon,0.010000000000,True,True,True,0.890000000000
46,1973,cotton,cotton,0.960000000000,maize,0.020000000000,banana,0.010000000000,True,True,True,0.940000000000
47,850,lentil,lentil,0.900000000000,mothbeans,0.060000000000,blackgram,0.030000000000,True,True,True,0.840000000000
48,203,chickpea,chickpea,1.000000000000,apple,0.000000000000,banana,0.000000000000,True,True,True,1.000000000000
49,696,mungbean,mungbean,1.000000000000,apple,0.000000000000,banana,0.000000000000,True,True,True,1.000000000000
50,1737,papaya,papaya,0.930000000000,rice,0.070000000000,apple,0.000000000000,True,True,True,0.860000000000
51,961,pomegranate,pomegranate,0.990000000000,orange,0.010000000000,apple,0.000000000000,True,True,True,0.980000000000
52,405,pigeonpeas,pigeonpeas,0.920000000000,mango,0.070000000000,coconut,0.010000000000,True,True,True,0.850000000000
53,1392,watermelon,watermelon,1.000000000000,apple,0.000000000000,banana,0.000000000000,True,True,True,1.000000000000
54,1158,mango,mango,0.980000000000,mothbeans,0.010000000000,orange,0.010000000000,True,True,True,0.970000000000
55,768,blackgram,blackgram,0.680000000000,mothbeans,0.240000000000,lentil,0.030000000000,True,True,True,0.440000000000
56,1763,papaya,papaya,0.990000000000,banana,0.010000000000,apple,0.000000000000,True,True,True,0.980000000000
57,1798,papaya,papaya,1.000000000000,apple,0.000000000000,banana,0.000000000000,True,True,True,1.000000000000
58,2173,coffee,coffee,0.980000000000,coconut,0.020000000000,apple,0.000000000000,True,True,True,0.960000000000
59,825,lentil,lentil,0.990000000000,blackgram,0.010000000000,apple,0.000000000000,True,True,True,0.980000000000
60,813,lentil,lentil,0.820000000000,mothbeans,0.110000000000,blackgram,0.070000000000,True,True,True,0.710000000000
61,539,mothbeans,mothbeans,0.960000000000,lentil,0.030000000000,pigeonpeas,0.010000000000,True,True,True,0.930000000000
62,2157,coffee,coffee,1.000000000000,apple,0.000000000000,banana,0.000000000000,True,True,True,1.000000000000
63,1032,banana,banana,0.970000000000,jute,0.030000000000,apple,0.000000000000,True,True,True,0.940000000000
64,1707,papaya,papaya,0.930000000000,pomegranate,0.030000000000,pigeonpeas,0.020000000000,True,True,True,0.900000000000
65,54,rice,rice,0.980000000000,jute,0.020000000000,apple,0.000000000000,True,True,True,0.960000000000
66,1630,orange,orange,0.980000000000,mango,0.010000000000,pomegranate,0.010000000000,True,True,True,0.970000000000
67,1818,coconut,coconut,1.000000000000,apple,0.000000000000,banana,0.000000000000,True,True,True,1.000000000000
68,716,blackgram,blackgram,0.750000000000,mothbeans,0.140000000000,maize,0.080000000000,True,True,True,0.610000000000
69,920,pomegranate,pomegranate,0.970000000000,orange,0.030000000000,apple,0.000000000000,True,True,True,0.940000000000
70,1033,banana,banana,1.000000000000,apple,0.000000000000,blackgram,0.000000000000,True,True,True,1.000000000000
71,1458,muskmelon,muskmelon,1.000000000000,apple,0.000000000000,banana,0.000000000000,True,True,True,1.000000000000
72,1369,watermelon,watermelon,1.000000000000,apple,0.000000000000,banana,0.000000000000,True,True,True,1.000000000000
73,859,lentil,lentil,1.000000000000,apple,0.000000000000,banana,0.000000000000,True,True,True,1.000000000000
74,1096,banana,banana,1.000000000000,apple,0.000000000000,blackgram,0.000000000000,True,True,True,1.000000000000
75,1854,coconut,coconut,1.000000000000,apple,0.000000000000,banana,0.000000000000,True,True,True,1.000000000000
76,575,mothbeans,mothbeans,0.900000000000,lentil,0.080000000000,mungbean,0.010000000000,True,True,True,0.820000000000
77,606,mungbean,mungbean,0.980000000000,blackgram,0.020000000000,apple,0.000000000000,True,True,True,0.960000000000
78,614,mungbean,mungbean,0.970000000000,mothbeans,0.020000000000,orange,0.010000000000,True,True,True,0.950000000000
79,1171,mango,mango,0.990000000000,orange,0.010000000000,apple,0.000000000000,True,True,True,0.980000000000
80,2182,coffee,coffee,0.990000000000,coconut,0.010000000000,apple,0.000000000000,True,True,True,0.980000000000
81,1399,watermelon,watermelon,0.960000000000,muskmelon,0.030000000000,papaya,0.010000000000,True,True,True,0.930000000000
82,1473,muskmelon,muskmelon,1.000000000000,apple,0.000000000000,banana,0.000000000000,True,True,True,1.000000000000
83,303,kidneybeans,kidneybeans,0.950000000000,chickpea,0.040000000000,pigeonpeas,0.010000000000,True,True,True,0.910000000000
84,1149,mango,mango,0.860000000000,pigeonpeas,0.080000000000,coconut,0.040000000000,True,True,True,0.780000000000
85,937,pomegranate,pomegranate,0.910000000000,papaya,0.040000000000,orange,0.030000000000,True,True,True,0.870000000000
86,1697,orange,orange,0.980000000000,mango,0.010000000000,pomegranate,0.010000000000,True,True,True,0.970000000000
87,1987,cotton,cotton,1.000000000000,apple,0.000000000000,banana,0.000000000000,True,True,True,1.000000000000
88,1851,coconut,coconut,0.990000000000,coffee,0.010000000000,apple,0.000000000000,True,True,True,0.980000000000
89,1771,papaya,papaya,0.990000000000,jute,0.010000000000,apple,0.000000000000,True,True,True,0.980000000000
90,561,mothbeans,mothbeans,0.960000000000,lentil,0.020000000000,mungbean,0.010000000000,True,True,True,0.940000000000
91,613,mungbean,mungbean,1.000000000000,apple,0.000000000000,banana,0.000000000000,True,True,True,1.000000000000
92,599,mothbeans,mothbeans,0.980000000000,mango,0.010000000000,mungbean,0.010000000000,True,True,True,0.970000000000
93,1960,cotton,cotton,1.000000000000,apple,0.000000000000,banana,0.000000000000,True,True,True,1.000000000000
94,2079,jute,jute,0.940000000000,rice,0.060000000000,apple,0.000000000000,True,True,True,0.880000000000
95,1225,grapes,grapes,1.000000000000,apple,0.000000000000,banana,0.000000000000,True,True,True,1.000000000000
96,1988,cotton,cotton,1.000000000000,apple,0.000000000000,banana,0.000000000000,True,True,True,1.000000000000
97,227,chickpea,chickpea,0.940000000000,kidneybeans,0.030000000000,coffee,0.020000000000,True,True,True,0.910000000000
98,2026,jute,jute,0.970000000000,banana,0.020000000000,rice,0.010000000000,True,True,True,0.950000000000
99,1396,watermelon,watermelon,1.000000000000,apple,0.000000000000,banana,0.000000000000,True,True,True,1.000000000000
100,1499,muskmelon,muskmelon,1.000000000000,apple,0.000000000000,banana,0.000000000000,True,True,True,1.000000000000
101,989,pomegranate,pomegranate,0.990000000000,orange,0.010000000000,apple,0.000000000000,True,True,True,0.980000000000
102,1601,orange,orange,0.990000000000,mango,0.010000000000,apple,0.000000000000,True,True,True,0.980000000000
103,497,pigeonpeas,pigeonpeas,0.980000000000,blackgram,0.010000000000,papaya,0.010000000000,True,True,True,0.970000000000
104,472,pigeonpeas,pigeonpeas,0.940000000000,lentil,0.040000000000,mothbeans,0.020000000000,True,True,True,0.900000000000
105,1232,grapes,grapes,1.000000000000,apple,0.000000000000,banana,0.000000000000,True,True,True,1.000000000000
106,323,kidneybeans,kidneybeans,0.990000000000,chickpea,0.010000000000,apple,0.000000000000,True,True,True,0.980000000000
107,841,lentil,lentil,1.000000000000,apple,0.000000000000,banana,0.000000000000,True,True,True,1.000000000000
108,44,rice,rice,0.900000000000,jute,0.070000000000,papaya,0.020000000000,True,True,True,0.830000000000
109,84,rice,rice,1.000000000000,apple,0.000000000000,banana,0.000000000000,True,True,True,1.000000000000
110,1551,apple,apple,1.000000000000,banana,0.000000000000,blackgram,0.000000000000,True,True,True,1.000000000000
111,647,mungbean,mungbean,1.000000000000,apple,0.000000000000,banana,0.000000000000,True,True,True,1.000000000000
112,678,mungbean,mungbean,1.000000000000,apple,0.000000000000,banana,0.000000000000,True,True,True,1.000000000000
113,1288,grapes,grapes,0.960000000000,apple,0.040000000000,banana,0.000000000000,True,True,True,0.920000000000
114,85,rice,rice,0.960000000000,jute,0.030000000000,banana,0.010000000000,True,True,True,0.930000000000
115,1456,muskmelon,muskmelon,1.000000000000,apple,0.000000000000,banana,0.000000000000,True,True,True,1.000000000000
116,752,blackgram,blackgram,0.980000000000,lentil,0.010000000000,pigeonpeas,0.010000000000,True,True,True,0.970000000000
117,871,lentil,lentil,0.990000000000,kidneybeans,0.010000000000,apple,0.000000000000,True,True,True,0.980000000000
118,1047,banana,banana,1.000000000000,apple,0.000000000000,blackgram,0.000000000000,True,True,True,1.000000000000
119,1644,orange,orange,0.990000000000,pomegranate,0.010000000000,apple,0.000000000000,True,True,True,0.980000000000
120,1612,orange,orange,1.000000000000,apple,0.000000000000,banana,0.000000000000,True,True,True,1.000000000000
121,250,chickpea,chickpea,1.000000000000,apple,0.000000000000,banana,0.000000000000,True,True,True,1.000000000000
122,199,maize,maize,0.940000000000,coffee,0.020000000000,blackgram,0.010000000000,True,True,True,0.920000000000
123,1191,mango,mango,0.970000000000,mothbeans,0.030000000000,apple,0.000000000000,True,True,True,0.940000000000
124,110,maize,maize,0.970000000000,cotton,0.010000000000,mungbean,0.010000000000,True,True,True,0.960000000000
125,817,lentil,lentil,0.850000000000,mothbeans,0.080000000000,blackgram,0.070000000000,True,True,True,0.770000000000
126,1004,banana,banana,0.990000000000,maize,0.010000000000,apple,0.000000000000,True,True,True,0.980000000000
127,907,pomegranate,pomegranate,0.980000000000,orange,0.020000000000,apple,0.000000000000,True,True,True,0.960000000000
128,1859,coconut,coconut,1.000000000000,apple,0.000000000000,banana,0.000000000000,True,True,True,1.000000000000
129,684,mungbean,mungbean,0.990000000000,papaya,0.010000000000,apple,0.000000000000,True,True,True,0.980000000000
130,1918,cotton,cotton,1.000000000000,apple,0.000000000000,banana,0.000000000000,True,True,True,1.000000000000
131,226,chickpea,chickpea,0.920000000000,kidneybeans,0.080000000000,apple,0.000000000000,True,True,True,0.840000000000
132,2098,jute,jute,0.800000000000,rice,0.200000000000,apple,0.000000000000,True,True,True,0.600000000000
133,616,mungbean,mungbean,1.000000000000,apple,0.000000000000,banana,0.000000000000,True,True,True,1.000000000000
134,511,mothbeans,mothbeans,0.790000000000,blackgram,0.110000000000,mango,0.030000000000,True,True,True,0.680000000000
135,130,maize,maize,0.880000000000,coffee,0.100000000000,cotton,0.010000000000,True,True,True,0.780000000000
136,1552,apple,apple,1.000000000000,banana,0.000000000000,blackgram,0.000000000000,True,True,True,1.000000000000
137,263,chickpea,chickpea,1.000000000000,apple,0.000000000000,banana,0.000000000000,True,True,True,1.000000000000
138,7,rice,rice,0.980000000000,jute,0.020000000000,apple,0.000000000000,True,True,True,0.960000000000
139,139,maize,maize,0.800000000000,cotton,0.150000000000,banana,0.010000000000,True,True,True,0.650000000000
140,1944,cotton,cotton,1.000000000000,apple,0.000000000000,banana,0.000000000000,True,True,True,1.000000000000
141,2090,jute,jute,0.930000000000,rice,0.040000000000,maize,0.030000000000,True,True,True,0.890000000000
142,986,pomegranate,pomegranate,0.940000000000,orange,0.030000000000,watermelon,0.020000000000,True,True,True,0.910000000000
143,1109,mango,mango,1.000000000000,apple,0.000000000000,banana,0.000000000000,True,True,True,1.000000000000
144,46,rice,rice,0.880000000000,jute,0.120000000000,apple,0.000000000000,True,True,True,0.760000000000
145,1745,papaya,papaya,1.000000000000,apple,0.000000000000,banana,0.000000000000,True,True,True,1.000000000000
146,1011,banana,banana,0.990000000000,papaya,0.010000000000,apple,0.000000000000,True,True,True,0.980000000000
147,1681,orange,orange,0.980000000000,mango,0.020000000000,apple,0.000000000000,True,True,True,0.960000000000
148,461,pigeonpeas,pigeonpeas,0.990000000000,lentil,0.010000000000,apple,0.000000000000,True,True,True,0.980000000000
149,803,lentil,lentil,0.990000000000,pigeonpeas,0.010000000000,apple,0.000000000000,True,True,True,0.980000000000
150,177,maize,maize,0.990000000000,pigeonpeas,0.010000000000,apple,0.000000000000,True,True,True,0.980000000000
151,258,chickpea,chickpea,1.000000000000,apple,0.000000000000,banana,0.000000000000,True,True,True,1.000000000000
152,1903,cotton,cotton,1.000000000000,apple,0.000000000000,banana,0.000000000000,True,True,True,1.000000000000
153,1324,watermelon,watermelon,1.000000000000,apple,0.000000000000,banana,0.000000000000,True,True,True,1.000000000000
154,525,mothbeans,mothbeans,0.890000000000,lentil,0.110000000000,apple,0.000000000000,True,True,True,0.780000000000
155,191,maize,maize,0.970000000000,cotton,0.030000000000,apple,0.000000000000,True,True,True,0.940000000000
156,474,pigeonpeas,pigeonpeas,0.970000000000,coffee,0.010000000000,kidneybeans,0.010000000000,True,True,True,0.960000000000
157,1419,muskmelon,muskmelon,1.000000000000,apple,0.000000000000,banana,0.000000000000,True,True,True,1.000000000000
158,1592,apple,apple,1.000000000000,banana,0.000000000000,blackgram,0.000000000000,True,True,True,1.000000000000
159,670,mungbean,mungbean,1.000000000000,apple,0.000000000000,banana,0.000000000000,True,True,True,1.000000000000
160,791,blackgram,blackgram,0.880000000000,maize,0.070000000000,mothbeans,0.030000000000,True,True,True,0.810000000000
161,218,chickpea,chickpea,1.000000000000,apple,0.000000000000,banana,0.000000000000,True,True,True,1.000000000000
162,128,maize,maize,1.000000000000,apple,0.000000000000,banana,0.000000000000,True,True,True,1.000000000000
163,122,maize,maize,0.990000000000,blackgram,0.010000000000,apple,0.000000000000,True,True,True,0.980000000000
164,305,kidneybeans,kidneybeans,0.990000000000,pigeonpeas,0.010000000000,apple,0.000000000000,True,True,True,0.980000000000
165,2145,coffee,coffee,1.000000000000,apple,0.000000000000,banana,0.000000000000,True,True,True,1.000000000000
166,1622,orange,orange,0.990000000000,mango,0.010000000000,apple,0.000000000000,True,True,True,0.980000000000
167,108,maize,maize,0.970000000000,mothbeans,0.020000000000,cotton,0.010000000000,True,True,True,0.950000000000
168,1295,grapes,grapes,1.000000000000,apple,0.000000000000,banana,0.000000000000,True,True,True,1.000000000000
169,941,pomegranate,pomegranate,0.990000000000,orange,0.010000000000,apple,0.000000000000,True,True,True,0.980000000000
170,1501,apple,apple,0.990000000000,grapes,0.010000000000,banana,0.000000000000,True,True,True,0.980000000000
171,1804,coconut,coconut,0.980000000000,orange,0.010000000000,pomegranate,0.010000000000,True,True,True,0.970000000000
172,1405,muskmelon,muskmelon,1.000000000000,apple,0.000000000000,banana,0.000000000000,True,True,True,1.000000000000
173,1276,grapes,grapes,1.000000000000,apple,0.000000000000,banana,0.000000000000,True,True,True,1.000000000000
174,1985,cotton,cotton,1.000000000000,apple,0.000000000000,banana,0.000000000000,True,True,True,1.000000000000
175,836,lentil,lentil,0.960000000000,blackgram,0.040000000000,apple,0.000000000000,True,True,True,0.920000000000
176,440,pigeonpeas,pigeonpeas,0.960000000000,mothbeans,0.020000000000,kidneybeans,0.010000000000,True,True,True,0.940000000000
177,237,chickpea,chickpea,1.000000000000,apple,0.000000000000,banana,0.000000000000,True,True,True,1.000000000000
178,789,blackgram,maize,0.580000000000,blackgram,0.260000000000,cotton,0.040000000000,False,True,True,0.320000000000
179,552,mothbeans,mothbeans,0.880000000000,blackgram,0.080000000000,lentil,0.020000000000,True,True,True,0.800000000000
180,1574,apple,apple,1.000000000000,banana,0.000000000000,blackgram,0.000000000000,True,True,True,1.000000000000
181,1461,muskmelon,muskmelon,1.000000000000,apple,0.000000000000,banana,0.000000000000,True,True,True,1.000000000000
182,1966,cotton,cotton,0.970000000000,maize,0.030000000000,apple,0.000000000000,True,True,True,0.940000000000
183,1378,watermelon,watermelon,1.000000000000,apple,0.000000000000,banana,0.000000000000,True,True,True,1.000000000000
184,1445,muskmelon,muskmelon,0.990000000000,watermelon,0.010000000000,apple,0.000000000000,True,True,True,0.980000000000
185,1314,watermelon,watermelon,1.000000000000,apple,0.000000000000,banana,0.000000000000,True,True,True,1.000000000000
186,1631,orange,orange,0.860000000000,coconut,0.040000000000,mango,0.030000000000,True,True,True,0.820000000000
187,1346,watermelon,watermelon,1.000000000000,apple,0.000000000000,banana,0.000000000000,True,True,True,1.000000000000
188,2194,coffee,coffee,0.960000000000,maize,0.030000000000,jute,0.010000000000,True,True,True,0.930000000000
189,361,kidneybeans,kidneybeans,1.000000000000,apple,0.000000000000,banana,0.000000000000,True,True,True,1.000000000000
190,1521,apple,apple,1.000000000000,banana,0.000000000000,blackgram,0.000000000000,True,True,True,1.000000000000
191,207,chickpea,chickpea,1.000000000000,apple,0.000000000000,banana,0.000000000000,True,True,True,1.000000000000
192,718,blackgram,blackgram,0.970000000000,mothbeans,0.020000000000,lentil,0.010000000000,True,True,True,0.950000000000
193,2186,coffee,coffee,1.000000000000,apple,0.000000000000,banana,0.000000000000,True,True,True,1.000000000000
194,1402,muskmelon,muskmelon,1.000000000000,apple,0.000000000000,banana,0.000000000000,True,True,True,1.000000000000
195,2111,coffee,coffee,0.910000000000,maize,0.060000000000,mango,0.010000000000,True,True,True,0.850000000000
196,1584,apple,apple,1.000000000000,banana,0.000000000000,blackgram,0.000000000000,True,True,True,1.000000000000
197,1262,grapes,grapes,0.990000000000,papaya,0.010000000000,apple,0.000000000000,True,True,True,0.980000000000
198,2007,jute,jute,0.980000000000,rice,0.020000000000,apple,0.000000000000,True,True,True,0.960000000000
199,1717,papaya,papaya,0.950000000000,pigeonpeas,0.020000000000,grapes,0.010000000000,True,True,True,0.930000000000
200,1805,coconut,coconut,1.000000000000,apple,0.000000000000,banana,0.000000000000,True,True,True,1.000000000000
201,1258,grapes,grapes,1.000000000000,apple,0.000000000000,banana,0.000000000000,True,True,True,1.000000000000
202,1345,watermelon,watermelon,1.000000000000,apple,0.000000000000,banana,0.000000000000,True,True,True,1.000000000000
203,631,mungbean,mungbean,1.000000000000,apple,0.000000000000,banana,0.000000000000,True,True,True,1.000000000000
204,936,pomegranate,pomegranate,1.000000000000,apple,0.000000000000,banana,0.000000000000,True,True,True,1.000000000000
205,448,pigeonpeas,pigeonpeas,0.930000000000,blackgram,0.020000000000,lentil,0.020000000000,True,True,True,0.910000000000
206,646,mungbean,mungbean,0.910000000000,papaya,0.050000000000,coconut,0.020000000000,True,True,True,0.860000000000
207,838,lentil,lentil,0.550000000000,mothbeans,0.350000000000,blackgram,0.050000000000,True,True,True,0.200000000000
208,1733,papaya,papaya,0.770000000000,banana,0.070000000000,mungbean,0.050000000000,True,True,True,0.700000000000
209,1403,muskmelon,muskmelon,1.000000000000,apple,0.000000000000,banana,0.000000000000,True,True,True,1.000000000000
210,260,chickpea,chickpea,1.000000000000,apple,0.000000000000,banana,0.000000000000,True,True,True,1.000000000000
211,1586,apple,apple,1.000000000000,banana,0.000000000000,blackgram,0.000000000000,True,True,True,1.000000000000
212,120,maize,maize,0.850000000000,cotton,0.080000000000,jute,0.040000000000,True,True,True,0.770000000000
213,275,chickpea,chickpea,1.000000000000,apple,0.000000000000,banana,0.000000000000,True,True,True,1.000000000000
214,1095,banana,banana,1.000000000000,apple,0.000000000000,blackgram,0.000000000000,True,True,True,1.000000000000
215,940,pomegranate,pomegranate,0.980000000000,chickpea,0.010000000000,papaya,0.010000000000,True,True,True,0.970000000000
216,913,pomegranate,pomegranate,0.980000000000,orange,0.020000000000,apple,0.000000000000,True,True,True,0.960000000000
217,145,maize,maize,0.980000000000,coffee,0.010000000000,cotton,0.010000000000,True,True,True,0.970000000000
218,1611,orange,orange,0.980000000000,mungbean,0.010000000000,papaya,0.010000000000,True,True,True,0.970000000000
219,2054,jute,jute,0.900000000000,rice,0.090000000000,watermelon,0.010000000000,True,True,True,0.810000000000
220,1957,cotton,cotton,0.980000000000,banana,0.010000000000,rice,0.010000000000,True,True,True,0.970000000000
221,1935,cotton,cotton,1.000000000000,apple,0.000000000000,banana,0.000000000000,True,True,True,1.000000000000
222,104,maize,maize,0.980000000000,cotton,0.010000000000,mothbeans,0.010000000000,True,True,True,0.970000000000
223,1217,grapes,grapes,0.990000000000,apple,0.010000000000,banana,0.000000000000,True,True,True,0.980000000000
224,697,mungbean,mungbean,1.000000000000,apple,0.000000000000,banana,0.000000000000,True,True,True,1.000000000000
225,884,lentil,lentil,0.950000000000,blackgram,0.030000000000,mothbeans,0.010000000000,True,True,True,0.920000000000
226,475,pigeonpeas,pigeonpeas,0.940000000000,blackgram,0.050000000000,orange,0.010000000000,True,True,True,0.890000000000
227,1726,papaya,papaya,0.990000000000,pigeonpeas,0.010000000000,apple,0.000000000000,True,True,True,0.980000000000
228,615,mungbean,mungbean,0.960000000000,papaya,0.020000000000,blackgram,0.010000000000,True,True,True,0.940000000000
229,1582,apple,apple,0.990000000000,grapes,0.010000000000,banana,0.000000000000,True,True,True,0.980000000000
230,1027,banana,banana,0.990000000000,cotton,0.010000000000,apple,0.000000000000,True,True,True,0.980000000000
231,42,rice,rice,0.650000000000,jute,0.340000000000,watermelon,0.010000000000,True,True,True,0.310000000000
232,285,chickpea,chickpea,1.000000000000,apple,0.000000000000,banana,0.000000000000,True,True,True,1.000000000000
233,150,maize,maize,0.980000000000,coffee,0.020000000000,apple,0.000000000000,True,True,True,0.960000000000
234,37,rice,rice,0.970000000000,jute,0.030000000000,apple,0.000000000000,True,True,True,0.940000000000
235,1657,orange,orange,0.970000000000,pomegranate,0.030000000000,apple,0.000000000000,True,True,True,0.940000000000
236,723,blackgram,blackgram,0.980000000000,mothbeans,0.010000000000,papaya,0.010000000000,True,True,True,0.970000000000
237,1885,coconut,coconut,0.910000000000,orange,0.040000000000,mungbean,0.020000000000,True,True,True,0.870000000000
238,22,rice,rice,0.970000000000,jute,0.020000000000,banana,0.010000000000,True,True,True,0.950000000000
239,1294,grapes,grapes,1.000000000000,apple,0.000000000000,banana,0.000000000000,True,True,True,1.000000000000
240,358,kidneybeans,kidneybeans,1.000000000000,apple,0.000000000000,banana,0.000000000000,True,True,True,1.000000000000
241,1938,cotton,cotton,1.000000000000,apple,0.000000000000,banana,0.000000000000,True,True,True,1.000000000000
242,625,mungbean,mungbean,1.000000000000,apple,0.000000000000,banana,0.000000000000,True,True,True,1.000000000000
243,609,mungbean,mungbean,1.000000000000,apple,0.000000000000,banana,0.000000000000,True,True,True,1.000000000000
244,1807,coconut,coconut,0.990000000000,pomegranate,0.010000000000,apple,0.000000000000,True,True,True,0.980000000000
245,1520,apple,apple,0.950000000000,grapes,0.050000000000,banana,0.000000000000,True,True,True,0.900000000000
246,829,lentil,lentil,0.850000000000,mothbeans,0.130000000000,blackgram,0.020000000000,True,True,True,0.720000000000
247,1711,papaya,papaya,0.960000000000,mungbean,0.020000000000,blackgram,0.010000000000,True,True,True,0.940000000000
248,914,pomegranate,pomegranate,1.000000000000,apple,0.000000000000,banana,0.000000000000,True,True,True,1.000000000000
249,268,chickpea,chickpea,1.000000000000,apple,0.000000000000,banana,0.000000000000,True,True,True,1.000000000000
250,332,kidneybeans,kidneybeans,0.900000000000,chickpea,0.090000000000,blackgram,0.010000000000,True,True,True,0.810000000000
251,383,kidneybeans,kidneybeans,0.990000000000,pigeonpeas,0.010000000000,apple,0.000000000000,True,True,True,0.980000000000
252,406,pigeonpeas,pigeonpeas,0.980000000000,blackgram,0.020000000000,apple,0.000000000000,True,True,True,0.960000000000
253,2094,jute,jute,0.790000000000,rice,0.200000000000,watermelon,0.010000000000,True,True,True,0.590000000000
254,1471,muskmelon,muskmelon,1.000000000000,apple,0.000000000000,banana,0.000000000000,True,True,True,1.000000000000
255,943,pomegranate,pomegranate,0.960000000000,coconut,0.020000000000,mothbeans,0.010000000000,True,True,True,0.940000000000
256,767,blackgram,blackgram,1.000000000000,apple,0.000000000000,banana,0.000000000000,True,True,True,1.000000000000
257,247,chickpea,chickpea,1.000000000000,apple,0.000000000000,banana,0.000000000000,True,True,True,1.000000000000
258,1462,muskmelon,muskmelon,1.000000000000,apple,0.000000000000,banana,0.000000000000,True,True,True,1.000000000000
259,1166,mango,mango,0.990000000000,orange,0.010000000000,apple,0.000000000000,True,True,True,0.980000000000
260,290,chickpea,chickpea,0.770000000000,maize,0.060000000000,coffee,0.050000000000,True,True,True,0.710000000000
261,1311,watermelon,watermelon,0.990000000000,jute,0.010000000000,apple,0.000000000000,True,True,True,0.980000000000
262,253,chickpea,chickpea,1.000000000000,apple,0.000000000000,banana,0.000000000000,True,True,True,1.000000000000
263,925,pomegranate,pomegranate,0.980000000000,orange,0.020000000000,apple,0.000000000000,True,True,True,0.960000000000
264,1198,mango,mango,1.000000000000,apple,0.000000000000,banana,0.000000000000,True,True,True,1.000000000000
265,586,mothbeans,mothbeans,0.980000000000,lentil,0.010000000000,mungbean,0.010000000000,True,True,True,0.970000000000
266,1990,cotton,cotton,1.000000000000,apple,0.000000000000,banana,0.000000000000,True,True,True,1.000000000000
267,2066,jute,jute,0.890000000000,rice,0.100000000000,cotton,0.010000000000,True,True,True,0.790000000000
268,1563,apple,apple,0.980000000000,grapes,0.020000000000,banana,0.000000000000,True,True,True,0.960000000000
269,325,kidneybeans,kidneybeans,0.990000000000,pigeonpeas,0.010000000000,apple,0.000000000000,True,True,True,0.980000000000
270,1867,coconut,coconut,0.980000000000,orange,0.010000000000,papaya,0.010000000000,True,True,True,0.970000000000
271,1723,papaya,papaya,0.980000000000,blackgram,0.010000000000,coffee,0.010000000000,True,True,True,0.970000000000
272,2128,coffee,coffee,1.000000000000,apple,0.000000000000,banana,0.000000000000,True,True,True,1.000000000000
273,395,kidneybeans,kidneybeans,1.000000000000,apple,0.000000000000,banana,0.000000000000,True,True,True,1.000000000000
274,1812,coconut,coconut,1.000000000000,apple,0.000000000000,banana,0.000000000000,True,True,True,1.000000000000
275,1891,coconut,coconut,1.000000000000,apple,0.000000000000,banana,0.000000000000,True,True,True,1.000000000000
276,769,blackgram,blackgram,0.840000000000,mothbeans,0.100000000000,lentil,0.020000000000,True,True,True,0.740000000000
277,834,lentil,lentil,0.930000000000,mothbeans,0.050000000000,blackgram,0.010000000000,True,True,True,0.880000000000
278,352,kidneybeans,kidneybeans,1.000000000000,apple,0.000000000000,banana,0.000000000000,True,True,True,1.000000000000
279,658,mungbean,mungbean,0.970000000000,mothbeans,0.020000000000,lentil,0.010000000000,True,True,True,0.950000000000
280,2120,coffee,coffee,0.990000000000,coconut,0.010000000000,apple,0.000000000000,True,True,True,0.980000000000
281,1995,cotton,cotton,0.990000000000,maize,0.010000000000,apple,0.000000000000,True,True,True,0.980000000000
282,1284,grapes,grapes,0.980000000000,apple,0.020000000000,banana,0.000000000000,True,True,True,0.960000000000
283,2125,coffee,coffee,1.000000000000,apple,0.000000000000,banana,0.000000000000,True,True,True,1.000000000000
284,754,blackgram,blackgram,0.610000000000,mothbeans,0.280000000000,lentil,0.040000000000,True,True,True,0.330000000000
285,526,mothbeans,mothbeans,0.720000000000,lentil,0.190000000000,pigeonpeas,0.060000000000,True,True,True,0.530000000000
286,804,lentil,lentil,0.970000000000,mothbeans,0.020000000000,blackgram,0.010000000000,True,True,True,0.950000000000
287,1347,watermelon,watermelon,1.000000000000,apple,0.000000000000,banana,0.000000000000,True,True,True,1.000000000000
288,959,pomegranate,pomegranate,0.960000000000,watermelon,0.030000000000,orange,0.010000000000,True,True,True,0.930000000000
289,1523,apple,apple,0.990000000000,grapes,0.010000000000,banana,0.000000000000,True,True,True,0.980000000000
290,1641,orange,orange,0.970000000000,pomegranate,0.030000000000,apple,0.000000000000,True,True,True,0.940000000000
291,1133,mango,mango,0.990000000000,pigeonpeas,0.010000000000,apple,0.000000000000,True,True,True,0.980000000000
292,2060,jute,jute,1.000000000000,apple,0.000000000000,banana,0.000000000000,True,True,True,1.000000000000
293,1006,banana,banana,1.000000000000,apple,0.000000000000,blackgram,0.000000000000,True,True,True,1.000000000000
294,831,lentil,lentil,0.940000000000,mothbeans,0.020000000000,pigeonpeas,0.020000000000,True,True,True,0.920000000000
295,685,mungbean,mungbean,0.990000000000,mothbeans,0.010000000000,apple,0.000000000000,True,True,True,0.980000000000
296,796,blackgram,blackgram,1.000000000000,apple,0.000000000000,banana,0.000000000000,True,True,True,1.000000000000
297,556,mothbeans,mothbeans,0.820000000000,lentil,0.090000000000,maize,0.040000000000,True,True,True,0.730000000000
298,1322,watermelon,watermelon,1.000000000000,apple,0.000000000000,banana,0.000000000000,True,True,True,1.000000000000
299,414,pigeonpeas,pigeonpeas,0.940000000000,blackgram,0.030000000000,mango,0.020000000000,True,True,True,0.910000000000
300,882,lentil,lentil,0.990000000000,pigeonpeas,0.010000000000,apple,0.000000000000,True,True,True,0.980000000000
301,1043,banana,banana,1.000000000000,apple,0.000000000000,blackgram,0.000000000000,True,True,True,1.000000000000
302,1560,apple,apple,0.990000000000,grapes,0.010000000000,banana,0.000000000000,True,True,True,0.980000000000
303,1007,banana,banana,1.000000000000,apple,0.000000000000,blackgram,0.000000000000,True,True,True,1.000000000000
304,1336,watermelon,watermelon,0.960000000000,muskmelon,0.020000000000,pomegranate,0.020000000000,True,True,True,0.940000000000
305,774,blackgram,blackgram,0.930000000000,lentil,0.050000000000,mothbeans,0.020000000000,True,True,True,0.880000000000
306,374,kidneybeans,kidneybeans,0.980000000000,mothbeans,0.010000000000,pigeonpeas,0.010000000000,True,True,True,0.970000000000
307,49,rice,rice,0.910000000000,jute,0.060000000000,papaya,0.020000000000,True,True,True,0.850000000000
308,1760,papaya,papaya,0.980000000000,jute,0.010000000000,pomegranate,0.010000000000,True,True,True,0.970000000000
309,1022,banana,banana,0.930000000000,rice,0.030000000000,papaya,0.020000000000,True,True,True,0.900000000000
310,321,kidneybeans,kidneybeans,0.980000000000,pigeonpeas,0.020000000000,apple,0.000000000000,True,True,True,0.960000000000
311,1071,banana,banana,1.000000000000,apple,0.000000000000,blackgram,0.000000000000,True,True,True,1.000000000000
312,1453,muskmelon,muskmelon,1.000000000000,apple,0.000000000000,banana,0.000000000000,True,True,True,1.000000000000
313,1424,muskmelon,muskmelon,1.000000000000,apple,0.000000000000,banana,0.000000000000,True,True,True,1.000000000000
314,1652,orange,orange,0.910000000000,pomegranate,0.090000000000,apple,0.000000000000,True,True,True,0.820000000000
315,167,maize,maize,0.890000000000,cotton,0.050000000000,jute,0.040000000000,True,True,True,0.840000000000
316,1034,banana,banana,1.000000000000,apple,0.000000000000,blackgram,0.000000000000,True,True,True,1.000000000000
317,408,pigeonpeas,pigeonpeas,0.700000000000,blackgram,0.110000000000,mothbeans,0.110000000000,True,True,True,0.590000000000
318,2074,jute,jute,1.000000000000,apple,0.000000000000,banana,0.000000000000,True,True,True,1.000000000000
319,1537,apple,apple,0.980000000000,grapes,0.020000000000,banana,0.000000000000,True,True,True,0.960000000000
320,877,lentil,lentil,0.950000000000,blackgram,0.020000000000,mothbeans,0.020000000000,True,True,True,0.930000000000
321,1410,muskmelon,muskmelon,1.000000000000,apple,0.000000000000,banana,0.000000000000,True,True,True,1.000000000000
322,1816,coconut,coconut,0.970000000000,coffee,0.020000000000,papaya,0.010000000000,True,True,True,0.950000000000
323,1734,papaya,papaya,0.890000000000,pigeonpeas,0.040000000000,banana,0.030000000000,True,True,True,0.850000000000
324,2024,jute,jute,0.910000000000,rice,0.080000000000,papaya,0.010000000000,True,True,True,0.830000000000
325,1970,cotton,cotton,1.000000000000,apple,0.000000000000,banana,0.000000000000,True,True,True,1.000000000000
326,1629,orange,orange,0.970000000000,papaya,0.020000000000,coconut,0.010000000000,True,True,True,0.950000000000
327,1676,orange,orange,0.980000000000,pomegranate,0.020000000000,apple,0.000000000000,True,True,True,0.960000000000
328,743,blackgram,blackgram,0.990000000000,lentil,0.010000000000,apple,0.000000000000,True,True,True,0.980000000000
329,466,pigeonpeas,pigeonpeas,0.870000000000,lentil,0.040000000000,coconut,0.030000000000,True,True,True,0.830000000000
330,1106,mango,mango,1.000000000000,apple,0.000000000000,banana,0.000000000000,True,True,True,1.000000000000
331,1470,muskmelon,muskmelon,1.000000000000,apple,0.000000000000,banana,0.000000000000,True,True,True,1.000000000000
332,2055,jute,jute,0.940000000000,rice,0.050000000000,cotton,0.010000000000,True,True,True,0.890000000000
333,1487,muskmelon,muskmelon,1.000000000000,apple,0.000000000000,banana,0.000000000000,True,True,True,1.000000000000
334,1778,papaya,papaya,1.000000000000,apple,0.000000000000,banana,0.000000000000,True,True,True,1.000000000000
335,1186,mango,mango,1.000000000000,apple,0.000000000000,banana,0.000000000000,True,True,True,1.000000000000
336,220,chickpea,chickpea,1.000000000000,apple,0.000000000000,banana,0.000000000000,True,True,True,1.000000000000
337,407,pigeonpeas,pigeonpeas,0.940000000000,mothbeans,0.030000000000,papaya,0.020000000000,True,True,True,0.910000000000
338,917,pomegranate,pomegranate,1.000000000000,apple,0.000000000000,banana,0.000000000000,True,True,True,1.000000000000
339,1343,watermelon,watermelon,0.720000000000,muskmelon,0.200000000000,papaya,0.040000000000,True,True,True,0.520000000000
340,4,rice,rice,0.980000000000,jute,0.020000000000,apple,0.000000000000,True,True,True,0.960000000000
341,622,mungbean,mungbean,1.000000000000,apple,0.000000000000,banana,0.000000000000,True,True,True,1.000000000000
342,1379,watermelon,watermelon,1.000000000000,apple,0.000000000000,banana,0.000000000000,True,True,True,1.000000000000
343,1529,apple,apple,0.960000000000,grapes,0.040000000000,banana,0.000000000000,True,True,True,0.920000000000
344,79,rice,rice,0.930000000000,jute,0.070000000000,apple,0.000000000000,True,True,True,0.860000000000
345,1061,banana,banana,0.990000000000,rice,0.010000000000,apple,0.000000000000,True,True,True,0.980000000000
346,2031,jute,jute,0.820000000000,rice,0.160000000000,coffee,0.010000000000,True,True,True,0.660000000000
347,320,kidneybeans,kidneybeans,1.000000000000,apple,0.000000000000,banana,0.000000000000,True,True,True,1.000000000000
348,431,pigeonpeas,pigeonpeas,0.990000000000,mothbeans,0.010000000000,apple,0.000000000000,True,True,True,0.980000000000
349,686,mungbean,mungbean,1.000000000000,apple,0.000000000000,banana,0.000000000000,True,True,True,1.000000000000
350,516,mothbeans,mothbeans,0.920000000000,blackgram,0.040000000000,mango,0.040000000000,True,True,True,0.880000000000
351,355,kidneybeans,kidneybeans,0.990000000000,pigeonpeas,0.010000000000,apple,0.000000000000,True,True,True,0.980000000000
352,530,mothbeans,mothbeans,0.720000000000,pigeonpeas,0.100000000000,maize,0.080000000000,True,True,True,0.620000000000
353,33,rice,rice,0.970000000000,jute,0.030000000000,apple,0.000000000000,True,True,True,0.940000000000
354,755,blackgram,blackgram,0.810000000000,mothbeans,0.140000000000,lentil,0.050000000000,True,True,True,0.670000000000
355,2135,coffee,coffee,0.890000000000,maize,0.050000000000,mango,0.030000000000,True,True,True,0.840000000000
356,2107,coffee,coffee,1.000000000000,apple,0.000000000000,banana,0.000000000000,True,True,True,1.000000000000
357,1226,grapes,grapes,0.990000000000,apple,0.010000000000,banana,0.000000000000,True,True,True,0.980000000000
358,993,pomegranate,pomegranate,0.930000000000,orange,0.040000000000,coconut,0.030000000000,True,True,True,0.890000000000
359,968,pomegranate,pomegranate,0.980000000000,orange,0.020000000000,apple,0.000000000000,True,True,True,0.960000000000
360,460,pigeonpeas,pigeonpeas,0.980000000000,mothbeans,0.020000000000,apple,0.000000000000,True,True,True,0.960000000000
361,939,pomegranate,pomegranate,0.950000000000,orange,0.040000000000,watermelon,0.010000000000,True,True,True,0.910000000000
362,1153,mango,mango,1.000000000000,apple,0.000000000000,banana,0.000000000000,True,True,True,1.000000000000
363,1862,coconut,coconut,0.980000000000,mango,0.010000000000,pomegranate,0.010000000000,True,True,True,0.970000000000
364,482,pigeonpeas,pigeonpeas,0.990000000000,lentil,0.010000000000,apple,0.000000000000,True,True,True,0.980000000000
365,536,mothbeans,mothbeans,0.860000000000,lentil,0.110000000000,maize,0.010000000000,True,True,True,0.750000000000
366,1930,cotton,cotton,1.000000000000,apple,0.000000000000,banana,0.000000000000,True,True,True,1.000000000000
367,1969,cotton,cotton,0.970000000000,maize,0.020000000000,mungbean,0.010000000000,True,True,True,0.950000000000
368,1080,banana,banana,1.000000000000,apple,0.000000000000,blackgram,0.000000000000,True,True,True,1.000000000000
369,73,rice,rice,0.850000000000,jute,0.150000000000,apple,0.000000000000,True,True,True,0.700000000000
370,1320,watermelon,watermelon,1.000000000000,apple,0.000000000000,banana,0.000000000000,True,True,True,1.000000000000
371,1440,muskmelon,muskmelon,0.990000000000,watermelon,0.010000000000,apple,0.000000000000,True,True,True,0.980000000000
372,351,kidneybeans,kidneybeans,0.990000000000,pigeonpeas,0.010000000000,apple,0.000000000000,True,True,True,0.980000000000
373,392,kidneybeans,kidneybeans,0.990000000000,lentil,0.010000000000,apple,0.000000000000,True,True,True,0.980000000000
374,2133,coffee,coffee,0.920000000000,watermelon,0.040000000000,maize,0.030000000000,True,True,True,0.880000000000
375,492,pigeonpeas,pigeonpeas,0.990000000000,kidneybeans,0.010000000000,apple,0.000000000000,True,True,True,0.980000000000
376,608,mungbean,mungbean,0.990000000000,lentil,0.010000000000,apple,0.000000000000,True,True,True,0.980000000000
377,229,chickpea,chickpea,1.000000000000,apple,0.000000000000,banana,0.000000000000,True,True,True,1.000000000000
378,83,rice,jute,0.690000000000,rice,0.310000000000,apple,0.000000000000,False,True,True,0.380000000000
379,1285,grapes,grapes,0.990000000000,apple,0.010000000000,banana,0.000000000000,True,True,True,0.980000000000
380,1451,muskmelon,muskmelon,1.000000000000,apple,0.000000000000,banana,0.000000000000,True,True,True,1.000000000000
381,1916,cotton,cotton,1.000000000000,apple,0.000000000000,banana,0.000000000000,True,True,True,1.000000000000
382,1182,mango,mango,1.000000000000,apple,0.000000000000,banana,0.000000000000,True,True,True,1.000000000000
383,363,kidneybeans,kidneybeans,0.870000000000,mothbeans,0.060000000000,chickpea,0.050000000000,True,True,True,0.810000000000
384,295,chickpea,chickpea,1.000000000000,apple,0.000000000000,banana,0.000000000000,True,True,True,1.000000000000
385,135,maize,maize,0.800000000000,cotton,0.120000000000,jute,0.040000000000,True,True,True,0.680000000000
386,136,maize,maize,1.000000000000,apple,0.000000000000,banana,0.000000000000,True,True,True,1.000000000000
387,1724,papaya,papaya,0.970000000000,jute,0.010000000000,pigeonpeas,0.010000000000,True,True,True,0.960000000000
388,524,mothbeans,mothbeans,0.960000000000,lentil,0.020000000000,mango,0.010000000000,True,True,True,0.940000000000
389,369,kidneybeans,kidneybeans,1.000000000000,apple,0.000000000000,banana,0.000000000000,True,True,True,1.000000000000
390,443,pigeonpeas,pigeonpeas,0.970000000000,mothbeans,0.020000000000,orange,0.010000000000,True,True,True,0.950000000000
391,977,pomegranate,pomegranate,0.930000000000,orange,0.070000000000,apple,0.000000000000,True,True,True,0.860000000000
392,2174,coffee,coffee,1.000000000000,apple,0.000000000000,banana,0.000000000000,True,True,True,1.000000000000
393,790,blackgram,blackgram,0.960000000000,lentil,0.020000000000,mothbeans,0.010000000000,True,True,True,0.940000000000
394,899,lentil,lentil,0.970000000000,mothbeans,0.030000000000,apple,0.000000000000,True,True,True,0.940000000000
395,1476,muskmelon,muskmelon,0.990000000000,papaya,0.010000000000,apple,0.000000000000,True,True,True,0.980000000000
396,570,mothbeans,mothbeans,0.580000000000,lentil,0.170000000000,pigeonpeas,0.110000000000,True,True,True,0.410000000000
397,1752,papaya,papaya,0.990000000000,apple,0.010000000000,banana,0.000000000000,True,True,True,0.980000000000
398,92,rice,rice,0.920000000000,jute,0.070000000000,watermelon,0.010000000000,True,True,True,0.850000000000
399,471,pigeonpeas,pigeonpeas,0.920000000000,blackgram,0.030000000000,lentil,0.030000000000,True,True,True,0.890000000000
400,1210,grapes,grapes,0.980000000000,apple,0.010000000000,chickpea,0.010000000000,True,True,True,0.970000000000
401,700,blackgram,blackgram,0.990000000000,lentil,0.010000000000,apple,0.000000000000,True,True,True,0.980000000000
402,1173,mango,mango,0.660000000000,pigeonpeas,0.190000000000,mothbeans,0.100000000000,True,True,True,0.470000000000
403,2180,coffee,coffee,1.000000000000,apple,0.000000000000,banana,0.000000000000,True,True,True,1.000000000000
404,1690,orange,orange,0.900000000000,mango,0.060000000000,coconut,0.010000000000,True,True,True,0.840000000000
405,1857,coconut,coconut,0.990000000000,mango,0.010000000000,apple,0.000000000000,True,True,True,0.980000000000
406,51,rice,rice,0.950000000000,jute,0.050000000000,apple,0.000000000000,True,True,True,0.900000000000
407,354,kidneybeans,kidneybeans,1.000000000000,apple,0.000000000000,banana,0.000000000000,True,True,True,1.000000000000
408,1779,papaya,papaya,0.720000000000,watermelon,0.220000000000,mungbean,0.020000000000,True,True,True,0.500000000000
409,2134,coffee,coffee,0.970000000000,jute,0.020000000000,coconut,0.010000000000,True,True,True,0.950000000000
410,1304,watermelon,watermelon,1.000000000000,apple,0.000000000000,banana,0.000000000000,True,True,True,1.000000000000
411,584,mothbeans,mothbeans,0.990000000000,blackgram,0.010000000000,apple,0.000000000000,True,True,True,0.980000000000
412,1571,apple,apple,0.990000000000,grapes,0.010000000000,banana,0.000000000000,True,True,True,0.980000000000
413,839,lentil,lentil,0.600000000000,mothbeans,0.330000000000,blackgram,0.030000000000,True,True,True,0.270000000000
414,1759,papaya,papaya,0.970000000000,pomegranate,0.020000000000,pigeonpeas,0.010000000000,True,True,True,0.950000000000
415,1839,coconut,coconut,0.980000000000,papaya,0.010000000000,pomegranate,0.010000000000,True,True,True,0.970000000000
416,1714,papaya,papaya,1.000000000000,apple,0.000000000000,banana,0.000000000000,True,True,True,1.000000000000
417,2189,coffee,coffee,0.990000000000,coconut,0.010000000000,apple,0.000000000000,True,True,True,0.980000000000
418,1852,coconut,coconut,0.970000000000,pomegranate,0.020000000000,orange,0.010000000000,True,True,True,0.950000000000
419,2049,jute,jute,0.680000000000,rice,0.280000000000,banana,0.020000000000,True,True,True,0.400000000000
420,1893,coconut,coconut,0.970000000000,jute,0.010000000000,pomegranate,0.010000000000,True,True,True,0.960000000000
421,2101,coffee,coffee,1.000000000000,apple,0.000000000000,banana,0.000000000000,True,True,True,1.000000000000
422,64,rice,rice,1.000000000000,apple,0.000000000000,banana,0.000000000000,True,True,True,1.000000000000
423,1665,orange,orange,0.960000000000,pomegranate,0.040000000000,apple,0.000000000000,True,True,True,0.920000000000
424,1184,mango,mango,1.000000000000,apple,0.000000000000,banana,0.000000000000,True,True,True,1.000000000000
425,1677,orange,orange,0.990000000000,pomegranate,0.010000000000,apple,0.000000000000,True,True,True,0.980000000000
426,1846,coconut,coconut,1.000000000000,apple,0.000000000000,banana,0.000000000000,True,True,True,1.000000000000
427,1815,coconut,coconut,1.000000000000,apple,0.000000000000,banana,0.000000000000,True,True,True,1.000000000000
428,1204,grapes,grapes,0.970000000000,apple,0.030000000000,banana,0.000000000000,True,True,True,0.940000000000
429,1953,cotton,cotton,1.000000000000,apple,0.000000000000,banana,0.000000000000,True,True,True,1.000000000000
430,1040,banana,banana,0.970000000000,jute,0.010000000000,maize,0.010000000000,True,True,True,0.960000000000
431,1248,grapes,grapes,1.000000000000,apple,0.000000000000,banana,0.000000000000,True,True,True,1.000000000000
432,1164,mango,mango,0.680000000000,pigeonpeas,0.180000000000,mothbeans,0.100000000000,True,True,True,0.500000000000
433,1107,mango,mango,0.980000000000,orange,0.010000000000,pigeonpeas,0.010000000000,True,True,True,0.970000000000
434,509,mothbeans,mothbeans,0.860000000000,blackgram,0.060000000000,pigeonpeas,0.030000000000,True,True,True,0.800000000000
435,140,maize,maize,0.850000000000,cotton,0.090000000000,mungbean,0.040000000000,True,True,True,0.760000000000
436,1587,apple,apple,1.000000000000,banana,0.000000000000,blackgram,0.000000000000,True,True,True,1.000000000000
437,2015,jute,jute,0.970000000000,rice,0.020000000000,coffee,0.010000000000,True,True,True,0.950000000000
438,1254,grapes,grapes,1.000000000000,apple,0.000000000000,banana,0.000000000000,True,True,True,1.000000000000
439,449,pigeonpeas,pigeonpeas,0.890000000000,mango,0.060000000000,blackgram,0.020000000000,True,True,True,0.830000000000
